numAuto,surveyCode,stationCode,priority,location,fishing,mud,sand,latitude,longitude,beamSAR,otterSAR,dredgeSAR,totalSAR,poc_kgm2,totalProd_log10,preyProd_log10,mud_pc,sand_pc,gravel_pc,waterDepth,distCoast,,Area,Description,reasoning,Water Depth (m),SedimentDescription,Comments
1,CEND0723,MNCEA14,A,westDogger,medium/high,low,high,54.8235128,0.8634869,0.002392131,0.253090195,0,0.255482326,0.4455738,1.3479476,1.0592641,1.37799,98.60268,0.01933,68.0999985,98757.42188,,West of Dogger,transit to dogger bank,transit to dogger bank,72,Sandy mud,Evidence displacement of fishing effort
2,CEND0723,MNCEA13,A,westDogger,medium/high,high,medium/high,54.8190925,0.6619213,0.012637848,0.338023136,0,0.379614661,0.843439,1.3993232,1.1222446,13.39125,86.58007,0.02868,73.8000031,86797.6875,,West of Dogger,transit to dogger bank,transit to dogger bank,82,Sandy mud,Evidence displacement of fishing effort
3,CEND0723,SPT01,A,southDogger,high,low,high,54.2034079,2.6455599,0.165377756,0.953028371,0,1.158127044,0.2310889,2.0105712,1.4781498,3.46994,96.50676,0.02329,48.0999985,167854.5156,,South of Dogger,south of dogger bank,south of dogger bank,51,Muddy sand,Evidence displacement of fishing effort
4,CEND0723,TRAN066,A,southDogger,medium/high,low,high,54.265,2.642,0.069386911,0.610905853,0,0.692453375,0.1834864,1.8977698,1.5054933,1.25821,98.71911,0.02268,33,173083.1406,,Transect,south of dogger bank,south of dogger bank,36,Muddy sand,Evidence displacement of fishing effort
5,CEND0723,MDGRB064,B,Dogger,medium/high,low,high,55.42488,2.951133,0.278481792,0.19108208,0,0.497088291,0.1327759,1.6542124,1.4735696,0.35466,99.29826,0.34708,35,243777.8438,,Dogger Bank,Dogger Bank beam survey,Dogger Bank beam survey,36,SLIGHTLY MUDDY SAND,Link to Epifauna
6,CEND0723,MDGRB063,B,Dogger,high,low,high,55.18322,2.851033,0.104002364,0.458733981,0,1.378936369,0.0803969,1.6736012,1.3795813,0.43011,97.20483,2.36506,29,223485.4063,,Dogger Bank,Dogger Bank beam survey,Dogger Bank beam survey,29,SHELLY SAND,Link to Epifauna
7,CEND0723,MDGRB062,B,Dogger,medium/high,low,high,55.1758,2.460617,0.110119016,0.360194079,0,0.536474649,0.134091,1.5659519,1.3004346,0.55934,98.08775,1.35291,33.2999992,202124.2188,,Dogger Bank,Dogger Bank beam survey,Dogger Bank beam survey,36,"Slightly shelly muddy sand, clay deeper",Link to Epifauna
8,CEND0723,MDGRB061,B,Dogger,high,low,high,54.89215,1.897583,0.190096599,0.915268175,0,2.144470853,0.1221157,1.424682,1.2885277,0.30632,99.1566,0.53708,21,154786.0469,,Dogger Bank,Dogger Bank beam survey,Dogger Bank beam survey,23,SAND,Link to Epifauna
9,CEND0723,MDGRB060,B,Dogger,low,low,high,55.06688,1.897583,0.099630411,0,0,0.099630411,0.1009798,1.6766281,1.5414171,0.39972,98.87569,0.72458,30.5,166362.25,,Dogger Bank,Dogger Bank beam survey,Dogger Bank beam survey,34,GRAVEL,Link to Epifauna
10,CEND0723,MDGRB059,A,Dogger,low,low,high,54.7963,1.527921,0,0,0,0,0.1128867,1.4441912,1.2352504,0.5106,96.35233,3.13707,21.7000008,128938.3516,,Dogger Bank,Dogger Bank low pressure,Dogger Bank low pressure,28,SAND,3 stations high fishing effort
11,CEND0723,MDGRB058,A,Dogger,low,low,high,55.026,1.447,0,0,0.005105647,0.005105647,0.1564216,1.5515327,1.4135821,0.47298,99.39238,0.13465,27.1000004,141693.7656,,Dogger Bank,Dogger Bank low pressure,Dogger Bank low pressure,32,SAND,3 stations high fishing effort
12,CEND0723,MDGRB057,A,Dogger,medium/high,low,high,55.166,1.631,0,0,0.135185921,0.135185921,0.1613964,1.4669023,1.2539442,0.37076,97.46023,2.16901,39.1899986,160239.4531,,Dogger Bank,Dogger Bank low pressure,,,,
13,CEND0723,MDGRB056,A,Dogger,low,low,high,54.71481,1.535779,0,0,0.000510132,0.000510132,0.1216424,1.3541588,1.1655161,0.32059,99.51524,0.16417,18.3999996,124407.4375,,Dogger Bank,Dogger Bank low pressure,Dogger Bank low pressure,26,SAND,3 stations high fishing effort
14,CEND0723,MDGRB055,B,Dogger,low,low,high,54.81711,1.588984,0,0,0,0.015482505,0.1183475,1.6120468,1.3952945,0.35646,99.29112,0.35242,22.1000004,133407.3438,,Dogger Bank,Dogger Bank low pressure,Dogger Bank low pressure,22,SAND,More stations low fishing effort
15,CEND0723,MDGRB054,A,Dogger,high,low,high,54.78735,2.504933,0.088030843,0.977420503,0,1.145815871,0.1262739,1.5190513,1.4005063,0.24862,98.93588,0.81549,19.2000008,183817.6094,,Dogger Bank,Dogger Bank high pressure,Dogger Bank high pressure,24,SAND,3 stations low fishing effort
16,CEND0723,MDGRB053,B,Dogger,high,low,high,54.72759,2.560649,0.078692249,1.345568981,0,1.695256498,0.1463515,1.5029726,1.2964531,0.14482,98.35196,1.50322,16.2000008,184762.4375,,Dogger Bank,Dogger Bank high pressure,Dogger Bank high pressure,21,SAND,More stations high fishing effort
17,CEND0723,MDGRB052,B,Dogger,high,low,high,54.6391,2.782283,0.253208735,1.22345708,0,1.545398158,0.1155391,1.5357337,1.1743079,0.46276,99.4997,0.03754,23.3999996,194905.4375,,Dogger Bank,Dogger Bank high pressure,Dogger Bank high pressure,26,SAND,More stations high fishing effort
18,CEND0723,MDGRB051,A,Dogger,medium/high,low,high,54.7009,2.65995,0.073958354,0.679916643,0,0.892047505,0.1089536,1.6011074,1.5023128,0.22959,98.5734,1.19701,19,189609.4219,,Dogger Bank,Dogger Bank high pressure,Dogger Bank high pressure,20,SAND,3 stations low fishing effort
19,CEND0723,MDGRB050,A,Dogger,high,low,high,54.85758333,2.3896,0.05929306,0.961696035,0,1.114656412,0.1212859,1.5693382,1.338943,0.24158,97.98146,1.77696,23.7999992,180236.1563,,Dogger Bank,Dogger Bank high pressure,Dogger Bank high pressure,26,SHELLY SAND,3 stations low fishing effort
20,CEND0723,NDT-I,aa,transectDoggerFulmar,medium/high,low,high,55.417,2.417,0.071531068,0.283809284,0,0.362289208,0.1758328,1.2781875,1.1083815,0.29445,99.35235,0.35321,40,216854.1875,,Transect,Transect Dogger Bank to Fulmar,Transect Dogger Bank to Fulmar,40,MUDDY SAND,carbon transition sandy to deep
21,CEND0723,NDT-H,aa,transectDoggerFulmar,medium/high,low,high,55.5,2.37,0.022917661,0.332974841,0,0.369807839,0.3597126,1.2129444,0.9304224,0.71137,99.08423,0.2044,51,219196.6406,,Transect,Transect Dogger Bank to Fulmar,Transect Dogger Bank to Fulmar,51,SLIGHTLY MUDDY SAND WITH SHELL,carbon transition sandy to deep
22,CEND0723,ND,aa,transectDoggerFulmar,low,high,high,55.683,2.279,0,0.030115816,0,0.030115816,0.5522438,1.3043416,0.8672388,9.28309,90.71316,0.00375,81,225608.75,,Transect,Transect Dogger Bank to Fulmar,Transect Dogger Bank to Fulmar,82.5,Muddy sand,carbon transition sandy to deep
23,CEND0723,NDT-A,aa,transectDoggerFulmar,low,medium/high,high,55.838,2.166,0,0,0,0,0.5082565,1.2611649,0.8148963,5.43215,94.56585,0.002,85.0999985,230850.1875,,Transect,Transect Dogger Bank to Fulmar,Transect Dogger Bank to Fulmar,86.5,Muddy sand,carbon transition sandy to deep
24,CEND0723,NDT-B,aa,transectDoggerFulmar,low,low,high,56.001,2.065,0,0,0,0,0.3798361,1.2123445,0.8703266,4.65742,95.32983,0.01275,84,235951.5313,,Transect,Transect Dogger Bank to Fulmar,Transect Dogger Bank to Fulmar,85,Muddy sand,carbon transition sandy to deep
25,CEND0723,DT,B,Fulmar,high,high,medium/high,56.267,1.639,0,4.404855502,0,4.404855502,0.8735232,1.3866749,0.8498563,16.1616,83.81267,0.02574,100.6999969,218875.1719,,Fulmar,Fulmar high mud high presure,Fulmar high mud high presure,100,Muddy sand,More stations high fishing effort
26,CEND0723,N05,A,Fulmar,high,high,medium/high,56.456,1.508,0,2.66603419,0,2.66603419,0.8335885,1.4491611,0.8782687,16.22861,83.72841,0.04297,98.4000015,218961.25,,Fulmar,Fulmar high mud high presure,Fulmar high mud high presure,100,SANDY MUD,3 stations high fishing effort
27,CEND0723,TRAN040,unsampled,Fulmar,low,low,high,56.085,1.975,0,0,0,0,0.3970267,1.1505554,0.7681075,2.65722,97.32193,0.02085,83,232830.6875,,Fulmar,Fulmar variable mud low pressure,,,,
28,CEND0723,MFLM039,unsampled,Fulmar,low,low,high,56.26,1.848,0,0,0,0,0.7585425,1.2988051,0.7238543,3.56807,96.37275,0.05918,86.5999985,230694.1094,,Fulmar,Fulmar variable mud low pressure,,,,
29,CEND0723,MFLM038,unsampled,Fulmar,low,medium/high,high,56.16,1.923,0,0,0,0,0.5971261,1.1896962,0.6762063,5.37274,94.54002,0.08724,84.1999969,232057.0156,,Fulmar,Fulmar variable mud low pressure,,,,
30,CEND0723,MFLM037,unsampled,Fulmar,low,medium/high,high,56.16,1.823,0,0,0,0,0.517605,1.3095948,0.7885521,5.27822,94.63945,0.08233,89,225783.7188,,Fulmar,Fulmar variable mud low pressure,,,,
31,CEND0723,MFLM036,unsampled,Fulmar,low,low,high,56.161,1.583,0,0,0,0,0.5712743,1.2251472,0.8137756,3.67347,96.31069,0.01585,85.8000031,211235.4219,,Fulmar,Fulmar variable mud low pressure,,,,
32,CEND0723,MFLM035,unsampled,Fulmar,high,medium/high,high,56.163,1.672,0,3.275961241,0,3.275961241,0.4682112,1.2690315,0.8731715,5.43338,94.42426,0.14236,88.6999969,217062.7656,,Fulmar,Fulmar variable mud high pressure,,,,
33,CEND0723,MFLM034,B,Fulmar,high,low,high,56.077,1.823,0,1.759863697,0,1.759863697,0.471001,1.2577915,0.790369,3.37024,96.60681,0.02295,88.8000031,223497.4063,,Fulmar,Fulmar Variable mud high pressure,Fulmar Variable mud high pressure,94,SANDY MUD,More stations high fishing effort
34,CEND0723,MFLM033,unsampled,Fulmar,high,medium/high,high,56.12,1.763,0,3.114708975,0,3.114708975,0.603419,1.3016342,0.863415,5.27123,94.67487,0.0539,95.4000015,221234.125,,Fulmar,Fulmar Variable mud high pressure,,,,
35,CEND0723,MFLM032,unsampled,Fulmar,high,medium/high,high,56.1842,1.7125,0,2.753326087,0,2.753326087,0.7997025,1.3922329,0.8268914,5.37904,94.51097,0.11,87.9000015,220359.1719,,Fulmar,Fulmar Variable mud high pressure,,,,
36,CEND0723,MFLM031,B,Fulmar,high,high,medium/high,56.136,1.735,0,2.300836832,0,2.300836832,0.7753897,1.3925946,0.8839886,11.58682,88.24704,0.16614,93,219967.1406,,Fulmar,Fulmar Variable mud high pressure,Fulmar Variable mud high pressure,95,SANDY MUD,More stations high fishing effort
37,CEND0723,MFLM030,A,Fulmar,low,medium/high,high,56.327,1.748,0,0,0,0,0.7144634,1.4465063,0.8829977,7.21358,92.71026,0.07616,87.1999969,227534.4063,,Fulmar,Fulmar high mud low pressure,Fulmar high mud low pressure,89,SANDY MUD,3 stations low fishing effort
38,CEND0723,MFLM029,B,Fulmar,low,high,high,56.375,1.675,0,0.00587581,0,0.00587581,0.7825726,1.3986803,0.8490862,9.05263,90.79509,0.15228,91,225153.625,,Fulmar,Fulmar high mud low pressure,Fulmar high mud low pressure,,,More stations low fishing effort
39,CEND0723,MFLM028,B,Fulmar,low,medium/high,high,56.41,1.755,0,0.005644204,0,0.005644204,0.5368749,1.2739041,0.6957149,6.46866,93.40364,0.1277,87,231254.2031,,Fulmar,Fulmar high mud low pressure,Fulmar high mud low pressure,92,Shelly mud with clay,More stations low fishing effort
40,CEND0723,MFLM027,A,Fulmar,low,medium/high,high,56.434,1.625,0,0.003028794,0,0.003028794,0.607572,1.3512444,0.8277414,7.4168,92.46631,0.11689,92,224415.3594,,Fulmar,Fulmar high mud low pressure,Fulmar high mud low pressure,95,Mud and clay,3 stations low fishing effort
41,CEND0723,MFLM026,A,Fulmar,high,medium/high,high,56.344,1.562,0,3.425941262,0,3.425941262,0.8162626,1.4285419,0.9225444,7.16025,92.80673,0.03302,96,217130.1406,,Fulmar,Fulmar high mud high presure,Fulmar high mud high presure,97,SANDY MUD,3 stations high fishing effort
42,CEND0723,MFLM025,B,Fulmar,high,high,medium/high,56.415,1.527,0,1.973850158,0,1.973850158,0.9431566,1.3969079,0.839884,17.82663,82.13156,0.0418,96,218533.2969,,Fulmar,Fulmar high mud high presure,Fulmar high mud high presure,95,SANDY MUD,More stations high fishing effort
43,CEND0723,MFLM024,A,Fulmar,low,medium/high,high,56.432,1.711,0,0.020417022,0,0.020417022,0.5442474,1.2739041,0.6957149,7.44076,92.44994,0.10931,90.9000015,229061.5,,Fulmar,Fulmar high mud low pressure,Fulmar high mud low pressure,91,Muddy sand,3 stations low fishing effort
44,CEND0723,MFLM023,A,Fulmar,high,high,medium/high,56.436,1.519,0,1.973850158,0,1.973850158,0.8708306,1.4491611,0.8782687,16.52093,83.43267,0.0464,97.3000031,218658.7031,,Fulmar,Fulmar high mud high presure,Fulmar high mud high presure,97,SANDY MUD,3 stations high fishing effort
45,CEND0723,TRAN042,aa,transectFulmarFarnes,low,low,high,56.241,1.274,0,0,0,0,0.7368247,1.099193,0.809893,2.89537,97.06262,0.04201,81.5999985,196482.0469,,Transect,Transect Fulmar to Farnes,Transect Fulmar to Farnes,84,Muddy sand,carbon transition 
46,CEND0723,TRAN041,aa,transectFulmarFarnes,low,low,high,56.217,0.83,0,0,0,0,0.407108,1.3629405,1.0425235,2.03869,97.90971,0.0516,92.5999985,169920.6094,,Transect,Transect Fulmar to Farnes,Transect Fulmar to Farnes,90,Muddy sand with shell,carbon transition 
47,CEND0723,TRAN044,aa,transectFulmarFarnes,medium/high,low,high,56.182,0.533,0,0.006035232,0,0.541667837,0.3247676,1.3825338,1.0750047,2.5224,97.45942,0.01818,86,151455.6719,,Transect,Transect Fulmar to Farnes,Transect Fulmar to Farnes,90,sandy mud,carbon transition 
48,CEND0723,TRAN043,aa,transectFulmarFarnes,low,low,high,56.119,0.287,0,0,0,0.023234858,0.3190672,1.2855508,1.0837194,0.93507,98.99186,0.07306,75.3000031,134693.2188,,Transect,Transect Fulmar to Farnes,Transect Fulmar to Farnes,80,sand,carbon transition 
49,CEND0723,TRAN045,aa,transectFulmarFarnes,low,low,high,55.11888889,0.072222222,0,0.017709728,0,0.017709728,0.3618393,1.3239197,1.1390182,1.87116,98.05258,0.07626,68,82264.10156,,Transect,Transect Fulmar to Farnes,Transect Fulmar to Farnes,75,Sandy gravel,carbon transition 
50,CEND0723,MFRN005,C,Farnes,low,low,high,55.862,-0.494,0,0,0,0,0.3306872,1.3495582,0.9360082,1.21094,98.38163,0.40743,72.0400009,78250.46875,,Farne Deeps,NE Farne Deeps HPMA,NE Farne Deeps HPMA,75.5,Slightly sandy mud,HPMA
51,CEND0723,MFRN004,C,Farnes,low,low,high,55.778,-0.636,0,0,0.000558517,0.000558517,0.3036341,1.4597448,1.1075984,0.70971,97.98955,1.30074,72.4800034,66742.26563,,Farne Deeps,NE Farne Deeps HPMA,,,,
52,CEND0723,MFRN003,C,Farnes,low,low,high,55.74223333,0.779266667,0,0,0,0,0.3105785,1.1640491,0.9316637,0.96506,99.00318,0.03176,72.0999985,151263.6719,,Farne Deeps,NE Farne Deeps HPMA,NE Farne Deeps HPMA,84,Muddy sand,HPMA
53,CEND0723,MFRN002,unsampled,Farnes,low,low,high,55.763,-0.702,0,0.005586652,0,0.005586652,0.2979199,1.4717541,1.1614671,2.41674,97.36321,0.22005,81.6100006,62134.31641,,Farne Deeps,NE Farne Deeps HPMA,NE Farne Deeps HPMA,84,Muddy sand,HPMA
54,CEND0723,MFRN001,C,Farnes,low,high,high,55.725,-0.698,0,0,0.00140834,0.00140834,0.5192286,1.5650711,1.1842721,9.00552,90.92913,0.06535,88.7699966,60933.34375,,Farne Deeps,NE Farne Deeps HPMA,NE Farne Deeps HPMA,90,Slightly sandy mud,HPMA
55,CEND0723,MFRN010,A,Farnes,low,high,high,55.618,-0.866,0,0.031245562,0,0.031245562,0.6435311,1.6769773,1.2285404,8.28082,91.63796,0.08122,92.6200027,47712.5625,,Farne Deeps,Farne Deeps low otter,Farne Deeps low otter,90,Sandy mud,3 stations low fishing effort
56,CEND0723,MFRN009,B,Farnes,low,medium/high,high,55.628,-0.885,0,0.031245562,0,0.031245562,0.6132099,1.6769773,1.2285404,6.73813,93.1946,0.06726,86.8899994,46864.56641,,Farne Deeps,Farne Deeps low otter,Farne Deeps low otter,90,SANDY MUD,More stations low fishing effort
57,CEND0723,MFRN008,A,Farnes,low,high,medium/high,55.602,-0.892,0,0.031245562,0,0.031245562,0.7249917,1.7377911,1.2363846,10.19955,89.77139,0.02907,92.4499969,45457.26563,,Farne Deeps,Farne Deeps low otter,Farne Deeps low otter,98,slightly muddy sand with shell,3 stations low fishing effort
58,CEND0723,MFRN007,B,Farnes,low,medium/high,high,55.637,-0.869,0,0.031245562,0,0.031245562,0.626505,1.6769773,1.2285404,6.91225,93.02713,0.06062,88.4800034,47922.88672,,Farne Deeps,Farne Deeps low otter,Farne Deeps low otter,90,Sandy mud,More stations low fishing effort
59,CEND0723,MFRN006,A,Farnes,low,high,high,55.608,-0.856,0,0.031245562,0,0.031245562,0.663854,1.7377911,1.2363846,8.90854,91.01217,0.07928,93.1299973,47503.67969,,Farne Deeps,Farne Deeps low otter,Farne Deeps low otter,99,Muddy shelly sand,3 stations low fishing effort
60,CEND0723,MFRN020,A,Farnes,high,high,medium/high,55.47,-1.137,0.003068064,6.889668159,0,6.892736223,0.9935737,1.830617,1.5433091,12.98191,86.8799,0.13818,97.0299988,28023.21484,,Farne Deeps,Farne Deeps high otter ,Farne Deeps high otter ,100,Sandy mud,3 stations high fishing effort
61,CEND0723,MFRN019,A,Farnes,high,high,high,55.46,-1.105,0.003068064,6.889668159,0,6.892736223,0.8299063,1.832095,1.4775136,9.80524,90.03497,0.15978,95.4499969,29676.75,,Farne Deeps,Farne Deeps high otter ,Farne Deeps high otter ,97,Mud,3 stations high fishing effort
62,CEND0723,MFRN018,A,Farnes,high,high,medium/high,55.491,-1.136,0.003068064,6.889668159,0,6.892736223,0.9041345,1.830617,1.5433091,13.47941,86.45222,0.06837,99.1600037,28245.16602,,Farne Deeps,Farne Deeps high otter ,Farne Deeps high otter ,99,mud with clay,3 stations high fishing effort
63,CEND0723,MFRN017,B,Farnes,high,high,medium/high,55.487,-1.106,0.003068064,6.889668159,0,6.892736223,0.9008543,1.832095,1.4775136,17.11925,82.80311,0.07764,100.1699982,29843.52734,,Farne Deeps,Farne Deeps high otter ,Farne Deeps high otter ,102,Sandy mud,More stations high fishing effort
64,CEND0723,MFRN011,B,Farnes,high,high,medium/high,55.481,-1.122,0.003068064,6.889668159,0,6.892736223,0.8233688,1.830617,1.5433091,14.05548,85.80554,0.13899,99.4100037,28910.75195,,Farne Deeps,Farne Deeps high otter ,Farne Deeps high otter ,104,Sandy mud,More stations high fishing effort
65,CEND0723,MFRN016,aa,transectFarnesShore,low,medium/high,medium/high,55.343,-1.452,0,0.086607692,0.000484108,0.087091801,1.4612385,1.9720694,1.8095164,6.31242,82.80329,10.88429,44.7200012,8248.348633,,Farne Deeps,Farne Deeps inshore transect,Farne Deeps inshore transect,46,Coarse sand,Carbon transition offshore to coastal
66,CEND0723,MFRN015,aa,transectFarnesShore,low,low,high,55.362,-1.406,0.014596544,0.096340857,0.008270486,0.119207887,0.9724978,1.9720694,1.8095164,3.74065,92.70301,3.55633,50.1199989,11911.23145,,Farne Deeps,Farne Deeps inshore transect,Farne Deeps inshore transect,54,coarse muddy sand,Carbon transition offshore to coastal
67,CEND0723,MFRN014,aa,transectFarnesShore,low,medium/high,high,55.385,-1.344,0,0.089400094,0.025081746,0.114481841,1.0472461,1.871678,1.5688006,6.33164,90.75422,2.91414,68.3399963,15082.09863,,Farne Deeps,Farne Deeps inshore transect,Farne Deeps inshore transect,73,slightly muddy sand with shell/gravel,Carbon transition offshore to coastal
68,CEND0723,MFRN013,aa,transectFarnesShore,low,low,high,55.35056667,1.494648333,0,0.05722124,0,0.110459403,0.3834721,1.4006811,1.1597999,1.02911,98.50996,0.46093,63,163776.3281,,Farne Deeps,Farne Deeps inshore transect,Farne Deeps inshore transect,39,Slightly sandy mud,Carbon transition offshore to coastal
69,CEND0723,MFRN012,aa,transectFarnesShore,low,low,high,55.414,-1.277,0,0.131841046,0,0.131841046,0.7481159,1.9524677,1.6363728,3.91164,93.96999,2.11837,63.5499992,18716.47852,,Farne Deeps,Farne Deeps inshore transect,Farne Deeps inshore transect,67,slightly muddy sand with shell,Carbon transition offshore to coastal
70,CEND1723,A01,2,celticSea,high,high,low,51.21125833,-6.133795,0,10.13397707,0,10.46339653,1.2386358,1.2695696,0.8771983,49.66914,50.27515,0.0557,102.5599976,84595.95313,,SSB main station (high C high impact),High mud; high trawl,High mud; high trawl,,,
71,CEND1723,G01,4,celticSea,high,low,high,51.072615,-6.5811,0.198285923,1.658377416,0,1.92337306,0.2754464,1.2279859,0.9016222,3.94565,94.70692,1.34743,94.7699966,117664.7188,,SSB main station,"high sand, higher trawl","high sand, higher trawl",,,
72,CEND1723,H01,5,celticSea,medium/high,high,low,50.522215,-7.0357,0.080017011,0.753861731,0,0.833878742,0.5451736,1.5635759,1.2322061,20.5026,79.47869,0.01872,101.4899979,104100.7188,,SSB main station,high sand,high sand,,,
73,CEND1723,I01,6,celticSea,high,high,medium/high,50.5759275,-7.10526775,0.104145865,2.106266156,0,2.210412021,0.735535,1.5673587,1.2419308,17.72861,82.13916,0.13223,99.25,110726.2578,,SSB main station,"high mud, lower trawl - leave out","high mud, lower trawl - leave out",,,
74,CEND1723,X01,2,celticSea,high,high,low,51.27283667,-6.256723733,0,15.05280523,0,15.38857826,0.7969742,1.2680321,0.6842508,78.12961,21.83241,0.03798,119.7699966,86435.42188,,"SSB spatial station (high C, high impact)",High mud; high trawl,High mud; high trawl,,,
75,CEND1723,X03,2,celticSea,high,high,low,51.23145933,-6.228762333,0,14.64772804,0,14.8734578,0.8358636,1.2996069,0.7513567,77.37961,22.56396,0.05643,119.9199982,87914.30469,,"SSB spatial station (high C, high impact)",High mud; high trawl,High mud; high trawl,,,
76,CEND1723,X12,4,celticSea,high,medium/high,high,51.13750367,-6.530431533,0.124794234,1.087491468,0.000104871,1.497053474,0.5358215,1.2975588,0.9773151,6.73697,92.5587,0.70433,92.4000015,111261.7344,,SSB spatial station (G1 comparison),"high sand, high(er) trawl","high sand, high(er) trawl",,,
77,CEND1723,X15,4,celticSea,medium/high,high,low,51.049257,-6.333378933,0.191702845,0.775695527,0,0.990419586,0.51573,1.5099905,1.0842551,26.98401,70.94808,2.0679,100.5400009,107121.6797,,SSB spatial station (A1 comparison),"high sand, high(er) trawl","high sand, high(er) trawl",,,
78,CEND1723,X21,3,celticSea,medium/high,high,medium/high,50.66944,-7.057756667,0.105119343,0.276516266,0,0.381635609,0.5987926,1.5975502,1.2428443,10.27841,89.17725,0.54433,93.5199966,112787.5625,,SSB spatial station,"high sand, low trawl","high sand, low trawl",,,
79,CEND1723,X22,6,celticSea,medium/high,high,medium/high,50.63838167,-7.083628333,0.135434463,0.736243994,0,0.871678457,0.6551276,1.6060393,1.2388932,17.57131,81.34525,1.08344,92.7799988,112636.9609,,SSB spatial station,"high sand, low trawl - leave out","high sand, low trawl - leave out",,,
80,CEND1723,X25,1,celticSea,medium/high,high,low,50.5102326,-7.190102267,0.026055093,0.273074696,0,0.299129789,0.796946,1.5871631,1.0927463,34.45124,65.50728,0.04148,101.5899963,113217.1953,,SSB spatial station,"high mud, low trawl","high mud, low trawl",,,
81,CEND1723,X33,1,celticSea,medium/high,high,medium/high,50.57962333,-6.91639,0.116145358,0.36623721,0,0.482382568,0.7071724,1.5729641,1.1994736,16.78135,83.03833,0.18032,103.1800003,99140.21875,,SSB spatial station,"high mud, low trawl","high mud, low trawl",,,
82,CEND1723,X34,3,celticSea,medium/high,high,medium/high,50.54739,-6.876003333,0.055639655,0.193819105,0,0.24945876,0.7229204,1.442009,1.1916519,13.12726,86.64896,0.22378,100.4400024,95002.96875,,SSB spatial station,"high sand, low trawl","high sand, low trawl",,,
83,CEND1723,X54,1,celticSea,medium/high,high,medium/high,50.67428,-6.84723,0.191562307,0.267721877,0,0.459284184,0.581489,1.5442977,1.2238818,10.47584,89.18791,0.33624,99.9000015,100902.9688,,SSB spatial station,"high mud, low trawl","high mud, low trawl",,,
84,CEND1723,X55,3,celticSea,medium/high,high,high,50.63729,-6.794766667,0.171779351,0.515223907,0,0.687003258,0.6358775,1.5110127,1.272843,8.52294,90.57173,0.90532,99.0100021,95150.10938,,SSB spatial station,"high sand, low trawl","high sand, low trawl",,,
85,CEND0924,MFRN018,yes,Farnes,high,high,medium/high,55.4915,-1.1377,0.003068064,6.889668159,0,6.892736223,0.8198874,1.830617,1.5433091,13.47941,86.45222,0.06837,98.4800034,28245.16602,,Farnes,,,,,
86,CEND0924,MFRN021,yes,Farnes,high,high,medium/high,55.4631,-1.199,0.001570176,3.815189019,0,3.816759195,0.8667643,1.9206762,1.5990065,9.94864,89.67679,0.37457,84.4499969,24054.33789,,Farnes,,,,,
87,CEND0924,MFRN022,yes,Farnes,high,high,medium/high,55.5055,-1.1076,0,5.863125631,0,5.887517615,0.8128543,1.8259578,1.4119625,13.38361,86.5605,0.05589,102.2200012,30167.37109,,Farnes,,,,,
88,CEND0924,MFRN023,yes,Farnes,high,high,medium/high,55.5352,-1.0434,0,5.019959347,0,5.019959347,0.7221465,1.8511246,1.4679666,10.30677,89.59213,0.1011,97.9599991,34624.32031,,Farnes,,,,,
89,CEND0924,MFRN024,yes,Farnes,high,high,high,55.5503,-1.011,0,3.752918011,0,3.752918011,0.6414525,1.9025085,1.3463885,9.55121,90.33425,0.11455,98.1699982,36654.76563,,Farnes,,,,,
90,CEND0924,MFRN026,yes,Farnes,high,high,low,55.3265,-1.0789,0.003119117,6.196975813,0,6.20009493,1.0107775,1.7591317,1.3483878,22.33197,77.61081,0.05722,92.5100021,31117.67773,,Farnes,,,,,
91,CEND0924,MFRN027,yes,Farnes,high,high,medium/high,55.4076,-0.8452,0,3.152146394,0,3.161879662,0.9058506,1.7578731,1.3667253,13.05548,86.75029,0.19424,96.1299973,46172.78516,,Farnes,,,,,
92,CEND0924,MFRN028,yes,Farnes,medium/high,high,medium/high,55.46067,-0.7475,0,0.787836994,0,0.787836994,0.7197099,1.7258861,1.2857269,12.28043,87.6318,0.08776,92.1600037,52426.60156,,Farnes,,,,,
93,CEND0924,MFRN029,yes,Farnes,medium/high,high,medium/high,55.4675,-0.72967,0,0.787836994,0,0.787836994,0.6997327,1.7258861,1.2857269,10.9928,88.93752,0.06969,92.6500015,53366.72656,,Farnes,,,,,
94,CEND0924,MFRN030,yes,Farnes,medium/high,high,medium/high,55.51473,-0.8074,0,0.905389057,0,0.905389057,0.7727418,1.7985286,1.3123423,13.17672,86.73831,0.08497,92.5100021,49256.82422,,Farnes,,,,,
95,CEND0924,MFRN031,yes,Farnes,high,high,medium/high,55.44859,-0.98674,0,4.880059218,0,4.880059218,0.784973,1.8203489,1.3999088,10.79076,89.07013,0.13911,96.2600021,37351.92188,,Farnes,,,,,
96,CEND0924,MFRN032,yes,Farnes,high,high,medium/high,55.38246,-1.16607,0,7.838132369,0.000443463,7.838575833,1.0305611,1.872205,1.5406269,12.59071,87.3215,0.08779,86.3499985,25991.125,,Farnes,,,,,
97,CEND0924,MFRN033,yes,Farnes,low,high,high,55.63098,-0.8364,0,0.005293322,0,0.005293322,0.6993872,1.5750166,1.1248261,9.61227,90.29625,0.09147,93.8899994,49831.97656,,Farnes,,,,,
98,CEND0924,T01,yes,Farnes,high,high,high,55.5,-1.13,0.003068064,6.889668159,0,6.892736223,0.8900831,1.8259578,1.4119625,9.11935,90.79918,0.08147,102.9100037,28701.97852,,Farnes,,,,,
99,CEND0924,T03,yes,Farnes,high,high,medium/high,55.4,-0.87,0,3.848634607,0,3.848634607,0.9126603,1.7578731,1.3667253,10.16488,89.76023,0.07489,94.0899963,44313.54688,,Farnes,,,,,
100,CEND0924,T18,yes,silverPit,high,low,high,54.04,2.63,0.449321513,10.95402187,0,11.5624746,0.265548,1.9099784,1.446645,1.74716,97.952,0.30084,62.8300018,151576.7344,,Silver Pit,,,,,
101,CEND0924,SPT007,yes,silverPit,high,high,low,54.12631,2.58335,0.122328269,9.381843704,0,9.504171973,0.4638031,1.932525,1.5851523,28.71311,71.28565,0.00124,59,158460.0625,,Silver Pit,,,,,
102,CEND0924,SPT004,yes,silverPit,high,high,low,54.0733,2.3527,0.446621541,8.208114606,0,8.654736147,0.5018237,1.9112647,1.398717,21.3049,78.68295,0.01215,66,145508.8125,,Silver Pit,,,,,
103,CEND0924,SPT002,yes,silverPit,high,high,low,54.0843,2.5257,0.384790466,7.964724349,0,8.364187604,0.4780398,1.8467621,1.3717895,23.76655,76.23227,0.00118,64.8600006,152553.4219,,Silver Pit,,,,,
104,CEND0924,SPT003,yes,silverPit,high,high,low,54.0788,2.4392,0.449400374,7.64952189,0,8.098922264,0.5176356,1.8773648,1.3633651,24.173,75.82535,0.00165,65,149310.0469,,Silver Pit,,,,,
105,CEND0924,SPT008,yes,silverPit,high,high,low,54.12594,2.4378,0.174202886,7.150296401,0,7.324499287,0.5535476,1.9076138,1.4603651,25.64525,74.35355,0.0012,58.5999985,153700.2031,,Silver Pit,,,,,
106,CEND0924,SPT010,yes,silverPit,high,high,medium/high,54.12482,2.00116,0.265604314,7.138288913,0,7.403893228,0.4658105,1.5953901,1.372656,14.50212,85.49112,0.00677,61.5099983,134353.5156,,Silver Pit,,,,,
107,CEND0924,SPT009,yes,silverPit,high,high,medium/high,54.12557,2.29225,0.16845378,4.770369845,0,4.957041127,0.4886635,2.0412991,1.529231,13.86435,86.04347,0.09219,54.0900002,149400.1875,,Silver Pit,,,,,
108,CEND0924,SPT014,yes,silverPit,high,high,medium/high,53.98561,2.53834,0.408226063,4.662820785,0,6.409851193,0.4718041,1.9273441,1.3113556,12.43779,87.5578,0.00442,60.9300003,143516.0938,,Silver Pit,,,,,
109,CEND0924,T20,yes,silverPit,high,high,medium/high,54.04,2.2,2.166479976,1.183929284,0,3.350409259,0.4577773,1.6857338,1.2961749,12.20496,87.77916,0.01589,72.6100006,138080.6406,,Silver Pit,,,,,
110,CEND0924,SPT011,yes,silverPit,high,high,medium/high,54.04806,2.16713,2.166479976,1.183929284,0,3.350409259,0.5009649,1.6857338,1.2961749,16.91746,82.99688,0.08566,69.1200027,137925.5156,,Silver Pit,,,,,
111,CEND0924,SPT012,yes,silverPit,high,high,medium/high,54.02103,1.9769,2.682369967,0.980295842,0.000661683,3.673156768,0.5088948,1.8635296,1.4869355,19.36324,80.62931,0.00745,82.9899979,128408.125,,Silver Pit,,,,,
112,CEND0924,SPT015,yes,silverPit,high,high,medium/high,53.98505,2.34779,1.755081015,1.112755521,0,2.901344949,0.4192523,1.8429204,1.2441951,15.07316,84.92438,0.00246,67.9199982,137103.6719,,Silver Pit,,,,,
113,CEND0924,SPT006,yes,silverPit,high,high,medium/high,54.0196,2.0103,2.570534227,0.763162591,0,3.333696818,0.5524682,1.8252854,1.448325,16.93734,83.05687,0.00579,79,130733.5234,,Silver Pit,,,,,
114,CEND0924,SPT018,yes,silverPit,high,high,medium/high,54.07035,1.79374,1.461327565,0.753165909,0,2.214493474,0.4037481,1.8051287,1.5289426,12.3053,87.59453,0.10017,85.6100006,119498.0156,,Silver Pit,,,,,
115,CEND0924,SPT005,yes,silverPit,high,high,medium/high,54.0405,2.1471,2.155387537,0.767729722,0,2.926485217,0.4727947,1.6857338,1.2961749,17.7335,82.24754,0.01895,71.0800018,136745.0625,,Silver Pit,,,,,
116,CEND0924,SPT013,yes,silverPit,high,high,medium/high,54.00751,1.88178,1.446130178,0.595386853,0,2.041517031,0.3752899,1.6992878,1.3656617,11.29355,88.67052,0.03594,82.3799973,122338.3828,,Silver Pit,,,,,
117,CEND0924,SPT016,yes,silverPit,high,high,medium/high,53.98486,2.28427,1.564233291,0.571495432,0.0006718,2.189478684,0.4444723,1.8429204,1.2441951,16.28402,83.71254,0.00344,63.4900017,134968.5313,,Silver Pit,,,,,
118,CEND0924,SPT017,yes,silverPit,high,high,medium/high,53.98467,2.22076,1.258581207,0.322027206,0,1.603727285,0.4291964,1.8018165,1.3284222,17.38085,82.6142,0.00496,55.7200012,133218.2188,,Silver Pit,,,,,
119,CEND0924,T22,yes,silverPit,high,low,high,54.03,1.71,0.970278561,0.143565883,0,1.120391879,0.3609329,1.6922439,1.4308708,4.36175,95.3715,0.26675,73,112116.2656,,Silver Pit,,,,,
120,CEND0924,T21,yes,silverPit,medium/high,high,medium/high,54,2,0.546475172,0.134133859,0.001421113,0.682030143,0.4201889,1.8252854,1.448325,13.75179,86.24564,0.00257,72.25,128818.8438,,Silver Pit,,,,,
121,CEND0924,DCTD001,yes,Dogger,low,low,high,54.8741,1.4833,0.001550988,0,0.006414184,0.007965173,0.1094119,1.6182275,1.521683,0.33243,98.97498,0.6926,17.7000008,131964.0781,,Dogger,,,,,
122,CEND0924,DCTD002,yes,Dogger,low,low,high,54.9426,1.4264,0,0.001938613,0.00068653,0.002625142,0.1435115,1.625278,1.4112072,0.25324,96.84032,2.90644,24,134552.2031,,Dogger,,,,,
123,CEND0924,DCTD003,yes,Dogger,low,low,high,55.026684,1.354401,0,0.068013915,0,0.068013915,0.2179908,1.5598338,1.366591,0.54304,99.32912,0.12784,24.8999996,137125.6719,,Dogger,,,,,
124,CEND0924,DCTD004,yes,transectDoggerSwallow,low,low,high,55.148,1.2556,0,0.037779639,0,0.037779639,0.3871721,1.2211914,1.0292547,1.77366,98.21008,0.01627,58,138191.1406,,Dogger,,,,,
125,CEND0924,DCTD005,yes,transectDoggerSwallow,low,low,high,55.2165,1.1987,0,0,0,0,0.3955651,1.1154532,0.8992391,4.09341,95.83067,0.07592,71.3000031,139772.5156,,Dogger,,,,,
126,CEND0924,DCTD006,yes,transectDoggerSwallow,low,low,high,55.056766,1.33157,0,0.092189865,0.001138532,0.093328397,0.2520488,1.414495,1.2511114,0.23095,98.6337,1.13536,28.3999996,137010.9688,,Dogger,,,,,
127,CEND0924,DCTD007,yes,transectDoggerSwallow,low,low,high,55.3535,1.0848,0,0,0,0.012675753,0.4131728,1.1105831,0.8443712,1.51533,98.41411,0.07056,58.2999992,143789.4375,,Dogger,,,,,
128,CEND0924,DCTD008,yes,swallowSand,low,low,high,55.098239,1.303971,0,0.092189865,0.001138532,0.093328397,0.3503546,1.4255664,1.1079892,0.68532,98.93203,0.38265,39.5,138071.0625,,Dogger,,,,,
129,CEND0924,DCTD009,yes,swallowSand,low,low,high,55.4904,0.971,0,0.00863703,0,0.081720125,0.3695554,1.170467,0.8251286,0.96646,98.98242,0.05112,58.7999992,149954.4375,,Dogger,,,,,
130,CEND0924,DCTD010,yes,swallowSand,low,medium/high,high,55.5589,0.9141,0,0,0,0,0.3499721,1.2001315,0.8594775,5.63013,94.31455,0.05533,77.0999985,153205.9375,,Dogger,,,,,
131,CEND0924,OBDT001,yes,Dogger,low,low,high,54.84788019,1.504758509,0,0,0,0,0.1051014,1.7301093,1.6945301,0.21733,99.14147,0.6412,17.1000004,131500.375,,Dogger,,,,,
132,CEND0924,OBDT002,yes,Dogger,low,low,high,54.85804176,1.516166943,0,0,0.003317058,0.003317058,0.1124258,1.7301093,1.6945301,0.26405,98.80412,0.93183,19.5,132873.8594,,Dogger,,,,,
133,CEND0924,OBDT003,yes,Dogger,low,low,high,54.86702185,1.526898312,0,0,0.003317058,0.003317058,0.1050922,1.7301093,1.6945301,0.27129,98.80905,0.91966,23,133560.9063,,Dogger,,,,,
134,CEND0924,OBDT004,yes,Dogger,low,low,high,55.04291525,1.332574656,0.002215909,0.052239758,0,0.077870518,0.2142149,1.414495,1.2511114,0.27068,99.41663,0.31269,27.5,136265.6563,,Dogger,,,,,
135,CEND0924,OBDT005,yes,Dogger,low,low,high,55.04952811,1.345131101,0.002215909,0.052239758,0,0.077870518,0.2165744,1.414495,1.2511114,0.4508,99.39703,0.15218,24.6000004,137379.3438,,Dogger,,,,,
136,CEND0924,OBDT006,yes,Dogger,low,low,high,55.08068037,1.30742041,0,0.092189865,0.001138532,0.093328397,0.3221002,1.3994876,1.1138417,0.39507,98.82909,0.77584,36.5,137059.3438,,Dogger,,,,,
137,CEND0924,OBDT007,yes,Dogger,low,low,high,55.08491085,1.319847446,0,0.092189865,0.001138532,0.093328397,0.4090037,1.3994876,1.1138417,0.49476,98.83102,0.67423,33.5,137917.1875,,Dogger,,,,,
138,CEND0924,OBDT008,yes,swallowSand,low,medium/high,high,55.54516824,0.910772577,0,0.003854351,0,0.003854351,0.3494385,1.2001315,0.8594775,5.50854,94.45436,0.0371,81,151805.0781,,Dogger,,,,,
139,CEND0924,OBDT009,yes,swallowSand,low,medium/high,high,55.55411501,0.918957922,0,0,0,0,0.3565234,1.2001315,0.8594775,6.4626,93.48468,0.05273,79,152858.5625,,Dogger,,,,,
140,CEND0924,OBDT012,yes,Dogger,low,low,high,55.03907,1.346664,0.002215909,0.052239758,0,0.077870518,0.2288647,1.414495,1.2511114,0.61906,98.5204,0.86054,24.7000008,137196.625,,Dogger,,,,,
141,CEND0924,OBDT010,yes,swallowSand,low,medium/high,high,55.56201482,0.927523982,0,0,0,0,0.3195172,1.2001315,0.8594775,5.14083,94.81083,0.04834,77.9000015,153565.5469,,Dogger,,,,,
142,CEND0924,OBDT011,yes,Dogger,low,low,high,55.06229,1.334113,0,0.092189865,0.001138532,0.093328397,0.3075036,1.414495,1.2511114,0.24598,98.71268,1.04134,28.6000004,137473.8125,,Dogger,,,,,
143,CEND0924,SGBC001,yes,,medium/high,low,high,53.8488,2.1903,0.239598301,0,0,0.239598301,0.1728929,1.5847211,1.4655167,0.95403,98.43943,0.60654,32,118755.2031,,Sean,,,,,
144,CEND0924,SGBC002,yes,,high,low,high,53.2505,2.7264,1.195460833,0.007432906,0,1.202893739,0.1155713,1.6437856,1.5203847,1.91495,97.80117,0.28387,30.3999996,90240.48438,,Sean,,,,,
