taxonID,AphiaID_accepted,ScientificName_accepted,Kingdom,Phylum,Class,Order,Family,Genus,Species
Abludomelita obtusata,102788,Abludomelita obtusata,Animalia,Arthropoda,Malacostraca,Amphipoda,Melitidae,Abludomelita,obtusata
Abra,138474,Abra,Animalia,Mollusca,Bivalvia,Cardiida,Semelidae,Abra,NA
Abra alba,141433,Abra alba,Animalia,Mollusca,Bivalvia,Cardiida,Semelidae,Abra,alba
Abra nitida,141435,Abra nitida,Animalia,Mollusca,Bivalvia,Cardiida,Semelidae,Abra,nitida
Abra prismatica,141436,Abra prismatica,Animalia,Mollusca,Bivalvia,Cardiida,Semelidae,Abra,prismatica
Abyssoninoe hibernica,146469,Abyssoninoe hibernica,Animalia,Annelida,Polychaeta,Eunicida,Lumbrineridae,Abyssoninoe,hibernica
Acanthocardia,137732,Acanthocardia,Animalia,Mollusca,Bivalvia,Cardiida,Cardiidae,Acanthocardia,NA
Achelia echinata,134599,Achelia echinata,Animalia,Arthropoda,Pycnogonida,Pantopoda,Ammotheidae,Achelia,echinata
Acidostoma obesum,102497,Acidostoma obesum,Animalia,Arthropoda,Malacostraca,Amphipoda,Acidostomatidae,Acidostoma,obesum
Acidostoma obesum (sensu Stoddart & Lowry),102497,Acidostoma obesum,Animalia,Arthropoda,Malacostraca,Amphipoda,Acidostomatidae,Acidostoma,obesum
Acrocnida brachiata,236130,Acrocnida brachiata,Animalia,Echinodermata,Ophiuroidea,Amphilepidida,Amphiuridae,Acrocnida,brachiata
Acteon tornatilis,138691,Acteon tornatilis,Animalia,Mollusca,Gastropoda,NA,Acteonidae,Acteon,tornatilis
Actiniaria,1360,Actiniaria,Animalia,Cnidaria,Hexacorallia,Actiniaria,NA,NA,NA
Actinopterygii,10194,Actinopterygii,Animalia,Chordata,NA,NA,NA,NA,NA
Akanthophoreus gracilis,136340,Akanthophoreus gracilis,Animalia,Arthropoda,Malacostraca,Tanaidacea,Akanthophoreidae,Akanthophoreus,gracilis
Alcyonidium parasiticum,111604,Alcyonidium parasiticum,Animalia,Bryozoa,Gymnolaemata,Ctenostomatida,Alcyonidiidae,Alcyonidium,parasiticum
Alcyonium digitatum,125333,Alcyonium digitatum,Animalia,Cnidaria,Octocorallia,Malacalcyonacea,Alcyoniidae,Alcyonium,digitatum
Alvania testae,141251,Alvania testae,Animalia,Mollusca,Gastropoda,Littorinimorpha,Rissoidae,Alvania,testae
Amaeana trilobata,131471,Amaeana trilobata,Animalia,Annelida,Polychaeta,Terebellida,Terebellidae,Amaeana,trilobata
Ammodytes marinus,126751,Ammodytes marinus,Animalia,Chordata,Teleostei,Perciformes,Ammodytidae,Ammodytes,marinus
Ampelisca,101445,Ampelisca,Animalia,Arthropoda,Malacostraca,Amphipoda,Ampeliscidae,Ampelisca,NA
Ampelisca diadema,101896,Ampelisca diadema,Animalia,Arthropoda,Malacostraca,Amphipoda,Ampeliscidae,Ampelisca,diadema
Ampelisca macrocephala,101908,Ampelisca macrocephala,Animalia,Arthropoda,Malacostraca,Amphipoda,Ampeliscidae,Ampelisca,macrocephala
Ampelisca sorbei,101925,Ampelisca sorbei,Animalia,Arthropoda,Malacostraca,Amphipoda,Ampeliscidae,Ampelisca,sorbei
Ampelisca spinifer,101926,Ampelisca spinifer,Animalia,Arthropoda,Malacostraca,Amphipoda,Ampeliscidae,Ampelisca,spinifer
Ampelisca spinipes,101928,Ampelisca spinipes,Animalia,Arthropoda,Malacostraca,Amphipoda,Ampeliscidae,Ampelisca,spinipes
Ampelisca tenuicornis,101930,Ampelisca tenuicornis,Animalia,Arthropoda,Malacostraca,Amphipoda,Ampeliscidae,Ampelisca,tenuicornis
Ampelisca typica,101933,Ampelisca typica,Animalia,Arthropoda,Malacostraca,Amphipoda,Ampeliscidae,Ampelisca,typica
Ampharete,129155,Ampharete,Animalia,Annelida,Polychaeta,Terebellida,Ampharetidae,Ampharete,NA
Ampharete falcata,129777,Ampharete falcata,Animalia,Annelida,Polychaeta,Terebellida,Ampharetidae,Ampharete,falcata
Ampharete lindstroemi,129781,Ampharete lindstroemi,Animalia,Annelida,Polychaeta,Terebellida,Ampharetidae,Ampharete,lindstroemi
Ampharete octocirrata,332932,Ampharete octocirrata,Animalia,Annelida,Polychaeta,Terebellida,Ampharetidae,Ampharete,octocirrata
Ampharetidae,981,Ampharetidae,Animalia,Annelida,Polychaeta,Terebellida,Ampharetidae,NA,NA
Amphiblestrum flemingii,111187,Amphiblestrum flemingii,Animalia,Bryozoa,Gymnolaemata,Cheilostomatida,Calloporidae,Amphiblestrum,flemingii
Amphicteis gunneri,129784,Amphicteis gunneri,Animalia,Annelida,Polychaeta,Terebellida,Ampharetidae,Amphicteis,gunneri
Amphictene auricoma,152448,Amphictene auricoma,Animalia,Annelida,Polychaeta,Terebellida,Pectinariidae,Amphictene,auricoma
Amphipholis squamata,125064,Amphipholis squamata,Animalia,Echinodermata,Ophiuroidea,Amphilepidida,Amphiuridae,Amphipholis,squamata
Amphipoda,1135,Amphipoda,Animalia,Arthropoda,Malacostraca,Amphipoda,NA,NA,NA
Amphiura chiajei,125073,Amphiura chiajei,Animalia,Echinodermata,Ophiuroidea,Amphilepidida,Amphiuridae,Amphiura,chiajei
Amphiura filiformis,125080,Amphiura filiformis,Animalia,Echinodermata,Ophiuroidea,Amphilepidida,Amphiuridae,Amphiura,filiformis
Amphiuridae,123206,Amphiuridae,Animalia,Echinodermata,Ophiuroidea,Amphilepidida,Amphiuridae,NA,NA
Anapagurus chiroacanthus,107215,Anapagurus chiroacanthus,Animalia,Arthropoda,Malacostraca,Decapoda,Paguridae,Anapagurus,chiroacanthus
Anapagurus laevis,107218,Anapagurus laevis,Animalia,Arthropoda,Malacostraca,Decapoda,Paguridae,Anapagurus,laevis
Ancistrosyllis groenlandica,130695,Ancistrosyllis groenlandica,Animalia,Annelida,Polychaeta,Phyllodocida,Pilargidae,Ancistrosyllis,groenlandica
Animalia,2,Animalia,Animalia,NA,NA,NA,NA,NA,NA
Anobothrus gracilis,129789,Anobothrus gracilis,Animalia,Annelida,Polychaeta,Terebellida,Ampharetidae,Anobothrus,gracilis
Anoplodactylus petiolatus,134723,Anoplodactylus petiolatus,Animalia,Arthropoda,Pycnogonida,Pantopoda,Phoxichilidiidae,Anoplodactylus,petiolatus
Antalis entalis,150534,Antalis entalis,Animalia,Mollusca,Scaphopoda,Dentaliida,Dentaliidae,Antalis,entalis
Athecata,13551,Anthoathecata,Animalia,Cnidaria,Hydrozoa,Athecata,NA,NA,NA
Anthoathecata,13551,Anthoathecata,Animalia,Cnidaria,Hydrozoa,Anthoathecata,NA,NA,NA
Aonides oxycephala,131106,Aonides oxycephala,Animalia,Annelida,Polychaeta,Spionida,Spionidae,Aonides,oxycephala
Aonides paucibranchiata,131107,Aonides paucibranchiata,Animalia,Annelida,Polychaeta,Spionida,Spionidae,Aonides,paucibranchiata
Aoridae,101368,Aoridae,Animalia,Arthropoda,Malacostraca,Amphipoda,Aoridae,NA,NA
"Aphelochaeta ""species A""",129240,Aphelochaeta,Animalia,Annelida,Polychaeta,Terebellida,Cirratulidae,Aphelochaeta,NA
Aphelochaeta,129240,Aphelochaeta,Animalia,Annelida,Polychaeta,Terebellida,Cirratulidae,Aphelochaeta,NA
Aphelochaeta “type 1”,129240,Aphelochaeta,Animalia,Annelida,Polychaeta,Terebellida,Cirratulidae,Aphelochaeta,NA
Aphelochaeta marioni,129938,Aphelochaeta marioni,Animalia,Annelida,Polychaeta,Terebellida,Cirratulidae,Aphelochaeta,marioni
Aphrodita aculeata,129840,Aphrodita aculeata,Animalia,Annelida,Polychaeta,Phyllodocida,Aphroditidae,Aphrodita,aculeata
Aphroditidae,938,Aphroditidae,Animalia,Annelida,Polychaeta,Phyllodocida,Aphroditidae,NA,NA
Apistobranchus,129198,Apistobranchus,Animalia,Annelida,Polychaeta,Spionida,Apistobranchidae,Apistobranchus,NA
Apistobranchus tullbergi,129851,Apistobranchus tullbergi,Animalia,Annelida,Polychaeta,Spionida,Apistobranchidae,Apistobranchus,tullbergi
Apolochus neapolitanus,236495,Apolochus neapolitanus,Animalia,Arthropoda,Malacostraca,Amphipoda,Amphilochidae,Apolochus,neapolitanus
Aporrhais,137656,Aporrhais,Animalia,Mollusca,Gastropoda,Littorinimorpha,Aporrhaidae,Aporrhais,NA
Araphura brevimanus,136344,Araphura brevimanus,Animalia,Arthropoda,Malacostraca,Tanaidacea,Tanaellidae,Araphura,brevimanus
Arctica islandica,138802,Arctica islandica,Animalia,Mollusca,Bivalvia,Venerida,Arcticidae,Arctica,islandica
Argissa hamatipes,102064,Argissa hamatipes,Animalia,Arthropoda,Malacostraca,Amphipoda,Argissidae,Argissa,hamatipes
Aricidea (Acmira) catherinae,333034,Aricidea (Acmira) catherinae,Animalia,Annelida,Polychaeta,NA,Paraonidae,Aricidea,catherinae
Aricidea laubieri,326587,Aricidea (Acmira) laubieri,Animalia,Annelida,Polychaeta,NA,Paraonidae,Aricidea,laubieri
Ascidiacea,1839,Ascidiacea,Animalia,Chordata,Ascidiacea,NA,NA,NA,NA
Aspidosiphon (Aspidosiphon) muelleri muelleri,410717,Aspidosiphon (Aspidosiphon) muelleri muelleri,Animalia,Annelida,NA,Sipuncula,Aspidosiphonidae,Aspidosiphon,muelleri
Aspidosiphon muelleri,410717,Aspidosiphon (Aspidosiphon) muelleri muelleri,Animalia,Annelida,NA,Sipuncula,Aspidosiphonidae,Aspidosiphon,muelleri
Astacilla,118445,Astacilla,Animalia,Arthropoda,Malacostraca,Isopoda,Arcturidae,Astacilla,NA
Astacilla dilatata,295579,Astacilla dilatata,Animalia,Arthropoda,Malacostraca,Isopoda,Arcturidae,Astacilla,dilatata
Astartidae,228,Astartidae,Animalia,Mollusca,Bivalvia,Carditida,Astartidae,NA,NA
Asteroidea,123080,Asteroidea,Animalia,Echinodermata,Asteroidea,NA,NA,NA,NA
Astropecten irregularis,123867,Astropecten irregularis,Animalia,Echinodermata,Asteroidea,Paxillosida,Astropectinidae,Astropecten,irregularis
Astrorhiza,112299,Astrorhiza,Chromista,Foraminifera,Monothalamea,Astrorhizida,Astrorhizidae,Astrorhiza,NA
Astrorhiza limicola,113843,Astrorhiza limicola,Chromista,Foraminifera,Monothalamea,Astrorhizida,Astrorhizidae,Astrorhiza,limicola
Astrorhizidae,111958,Astrorhizidae,Chromista,Foraminifera,Monothalamea,Astrorhizida,Astrorhizidae,NA,NA
Atherospio guillei,478336,Atherospio guillei,Animalia,Annelida,Polychaeta,Spionida,Spionidae,Atherospio,guillei
Autonoe longipes,102021,Autonoe longipes,Animalia,Arthropoda,Malacostraca,Amphipoda,Aoridae,Autonoe,longipes
Axinophilus thyasirae,128997,Axinophilus thyasirae,Animalia,Arthropoda,Copepoda,NA,NA,Axinophilus,thyasirae
Axinulus croulinensis,234161,Axinulus croulinensis,Animalia,Mollusca,Bivalvia,Lucinida,Thyasiridae,Axinulus,croulinensis
Balanidae,106057,Balanidae,Animalia,Arthropoda,Thecostraca,Balanomorpha,Balanidae,NA,NA
Balanus balanus,106213,Balanus balanus,Animalia,Arthropoda,Thecostraca,Balanomorpha,Balanidae,Balanus,balanus
Balanus crenatus,106215,Balanus crenatus,Animalia,Arthropoda,Thecostraca,Balanomorpha,Balanidae,Balanus,crenatus
Bathyporeia,101742,Bathyporeia,Animalia,Arthropoda,Malacostraca,Amphipoda,Bathyporeiidae,Bathyporeia,NA
Bathyporeia elegans,103058,Bathyporeia elegans,Animalia,Arthropoda,Malacostraca,Amphipoda,Bathyporeiidae,Bathyporeia,elegans
Bathyporeia guilliamsoniana,103060,Bathyporeia guilliamsoniana,Animalia,Arthropoda,Malacostraca,Amphipoda,Bathyporeiidae,Bathyporeia,guilliamsoniana
Bathyporeia nana,103064,Bathyporeia nana,Animalia,Arthropoda,Malacostraca,Amphipoda,Bathyporeiidae,Bathyporeia,nana
Bathyporeia tenuipes,103076,Bathyporeia tenuipes,Animalia,Arthropoda,Malacostraca,Amphipoda,Bathyporeiidae,Bathyporeia,tenuipes
Bivalvia,105,Bivalvia,Animalia,Mollusca,Bivalvia,NA,NA,NA,NA
Bodotria pulchella,110444,Bodotria pulchella,Animalia,Arthropoda,Malacostraca,Cumacea,Bodotriidae,Bodotria,pulchella
Bodotria scorpioides,110445,Bodotria scorpioides,Animalia,Arthropoda,Malacostraca,Cumacea,Bodotriidae,Bodotria,scorpioides
Bopyridae,1195,Bopyridae,Animalia,Arthropoda,Malacostraca,Isopoda,Bopyridae,NA,NA
Bougainvilliidae,1594,Bougainvilliidae,Animalia,Cnidaria,Hydrozoa,Anthoathecata,Bougainvilliidae,NA,NA
Brissopsis lyrifera,124373,Brissopsis lyrifera,Animalia,Echinodermata,Echinoidea,Spatangoida,Brissidae,Brissopsis,lyrifera
Bugulidae,110731,Bugulidae,Animalia,Bryozoa,Gymnolaemata,Cheilostomatida,Bugulidae,NA,NA
Adamsia palliata,1658483,Calliactis palliata,Animalia,Cnidaria,Hexacorallia,Actiniaria,Hormathiidae,Calliactis,palliata
Callianassa subterranea,107729,Callianassa subterranea,Animalia,Arthropoda,Malacostraca,Decapoda,Callianassidae,Callianassa,subterranea
Calocaris macandreae,107726,Calocaris macandreae,Animalia,Arthropoda,Malacostraca,Decapoda,Axiidae,Calocaris,macandreae
Campanulariidae,1606,Campanulariidae,Animalia,Cnidaria,Hydrozoa,Leptothecata,Campanulariidae,NA,NA
Campylaspis costata,110542,Campylaspis costata,Animalia,Arthropoda,Malacostraca,Cumacea,Nannastacidae,Campylaspis,costata
Campylaspis sulcata,110558,Campylaspis sulcata,Animalia,Arthropoda,Malacostraca,Cumacea,Nannastacidae,Campylaspis,sulcata
Capitella,129211,Capitella,Animalia,Annelida,Polychaeta,NA,Capitellidae,Capitella,NA
Capitellidae,921,Capitellidae,Animalia,Annelida,Polychaeta,NA,Capitellidae,NA,NA
Cardiidae,229,Cardiidae,Animalia,Mollusca,Bivalvia,Cardiida,Cardiidae,NA,NA
Caryophyllia (Caryophyllia) smithii,135144,Caryophyllia (Caryophyllia) smithii,Animalia,Cnidaria,Hexacorallia,Scleractinia,Caryophylliidae,Caryophyllia,smithii
Caulleriella alata,129943,Caulleriella alata,Animalia,Annelida,Polychaeta,Terebellida,Cirratulidae,Caulleriella,alata
Centraloecetes kroyeranus,1059646,Centraloecetes kroyeranus,Animalia,Arthropoda,Malacostraca,Amphipoda,Ischyroceridae,Centraloecetes,kroyeranus
Cephalaspidea,154,Cephalaspidea,Animalia,Mollusca,Gastropoda,Cephalaspidea,NA,NA,NA
Ceratocephale loveni,130367,Ceratocephale loveni,Animalia,Annelida,Polychaeta,Phyllodocida,Nereididae,Ceratocephale,loveni
Cerebratulus,122348,Cerebratulus,Animalia,Nemertea,Pilidiophora,Heteronemertea,Lineidae,Cerebratulus,NA
Chaetoderma nitidulum,139106,Chaetoderma nitidulum,Animalia,Mollusca,Caudofoveata,Chaetodermatida,Chaetodermatidae,Chaetoderma,nitidulum
Chaetognatha,2081,Chaetognatha,Animalia,Chaetognatha,NA,NA,NA,NA,NA
Chaetopterus,129229,Chaetopterus,Animalia,Annelida,Polychaeta,NA,Chaetopteridae,Chaetopterus,NA
Chaetopterus variopedatus,129914,Chaetopterus variopedatus,Animalia,Annelida,Polychaeta,NA,Chaetopteridae,Chaetopterus,variopedatus
Chaetozone christiei,152217,Chaetozone christiei,Animalia,Annelida,Polychaeta,Terebellida,Cirratulidae,Chaetozone,christiei
Chaetozone elakata,1033104,Chaetozone elakata,Animalia,Annelida,Polychaeta,Terebellida,Cirratulidae,Chaetozone,elakata
Chaetozone setosa,129955,Chaetozone setosa,Animalia,Annelida,Polychaeta,Terebellida,Cirratulidae,Chaetozone,setosa
Chamelea striatula,141908,Chamelea striatula,Animalia,Mollusca,Bivalvia,Venerida,Veneridae,Chamelea,striatula
Chromista,7,Chromista,Chromista,NA,NA,NA,NA,NA,NA
Ciliophora,11,Ciliophora,Chromista,Ciliophora,NA,NA,NA,NA,NA
Cirratulus,129243,Cirratulus,Animalia,Annelida,Polychaeta,Terebellida,Cirratulidae,Cirratulus,NA
Cirratulus caudatus,129957,Cirratulus caudatus,Animalia,Annelida,Polychaeta,Terebellida,Cirratulidae,Cirratulus,caudatus
Cirripedia,1082,Cirripedia,Animalia,Arthropoda,Thecostraca,NA,NA,NA,NA
Clausinella fasciata,141909,Clausinella fasciata,Animalia,Mollusca,Bivalvia,Venerida,Veneridae,Clausinella,fasciata
Claviramus candelus,332710,Claviramus candelus,Animalia,Annelida,Polychaeta,Sabellida,Sabellidae,Claviramus,candelus
Clytia hemisphaerica,117368,Clytia hemisphaerica,Animalia,Cnidaria,Hydrozoa,Leptothecata,Campanulariidae,Clytia,hemisphaerica
Cochlodesma praetenue,181373,Cochlodesma praetenue,Animalia,Mollusca,Bivalvia,NA,Periplomatidae,Cochlodesma,praetenue
Copepoda,1080,Copepoda,Animalia,Arthropoda,Copepoda,NA,NA,NA,NA
Corophium,101489,Corophium,Animalia,Arthropoda,Malacostraca,Amphipoda,Corophiidae,Corophium,NA
Corymorpha,117059,Corymorpha,Animalia,Cnidaria,Hydrozoa,Anthoathecata,Corymorphidae,Corymorpha,NA
Corymorpha nutans,117452,Corymorpha nutans,Animalia,Cnidaria,Hydrozoa,Anthoathecata,Corymorphidae,Corymorpha,nutans
Corystes cassivelaunus,107277,Corystes cassivelaunus,Animalia,Arthropoda,Malacostraca,Decapoda,Corystidae,Corystes,cassivelaunus
Crangon crangon,107552,Crangon crangon,Animalia,Arthropoda,Malacostraca,Decapoda,Crangonidae,Crangon,crangon
Crenella decussata,140440,Crenella decussata,Animalia,Mollusca,Bivalvia,Mytilida,Mytilidae,Crenella,decussata
Crisia,111032,Crisia,Animalia,Bryozoa,Stenolaemata,Cyclostomatida,Crisiidae,Crisia,NA
Cumacea,1137,Cumacea,Animalia,Arthropoda,Malacostraca,Cumacea,NA,NA,NA
Cylichna cylindracea,139476,Cylichna cylindracea,Animalia,Mollusca,Gastropoda,Cephalaspidea,Cylichnidae,Cylichna,cylindracea
Dasybranchus,129213,Dasybranchus,Animalia,Annelida,Polychaeta,NA,Capitellidae,Dasybranchus,NA
Decapoda,1130,Decapoda,Animalia,Arthropoda,Malacostraca,Decapoda,NA,NA,NA
Dendrochirotida,123111,Dendrochirotida,Animalia,Echinodermata,Holothuroidea,Dendrochirotida,NA,NA,NA
Dendrodoa grossularia,103882,Dendrodoa grossularia,Animalia,Chordata,Ascidiacea,Stolidobranchia,Styelidae,Dendrodoa,grossularia
Devonia perrieri,140365,Devonia perrieri,Animalia,Mollusca,Bivalvia,Galeommatida,Lasaeidae,Devonia,perrieri
Dialychone dunerificta,882443,Dialychone dunerificta,Animalia,Annelida,Polychaeta,Sabellida,Sabellidae,Dialychone,dunerificta
Diaphana minuta,139557,Diaphana minuta,Animalia,Mollusca,Gastropoda,Cephalaspidea,Diaphanidae,Diaphana,minuta
Diastylidae,110380,Diastylidae,Animalia,Arthropoda,Malacostraca,Cumacea,Diastylidae,NA,NA
Diastylis,110398,Diastylis,Animalia,Arthropoda,Malacostraca,Cumacea,Diastylidae,Diastylis,NA
Diastylis bradyi,110472,Diastylis bradyi,Animalia,Arthropoda,Malacostraca,Cumacea,Diastylidae,Diastylis,bradyi
Diastylis cornuta,110474,Diastylis cornuta,Animalia,Arthropoda,Malacostraca,Cumacea,Diastylidae,Diastylis,cornuta
Diastylis goodsiri,110479,Diastylis goodsiri,Animalia,Arthropoda,Malacostraca,Cumacea,Diastylidae,Diastylis,goodsiri
Diastylis laevis,110481,Diastylis laevis,Animalia,Arthropoda,Malacostraca,Cumacea,Diastylidae,Diastylis,laevis
Diastylis lucifera,110483,Diastylis lucifera,Animalia,Arthropoda,Malacostraca,Cumacea,Diastylidae,Diastylis,lucifera
Diastylis tumida,110492,Diastylis tumida,Animalia,Arthropoda,Malacostraca,Cumacea,Diastylidae,Diastylis,tumida
Diastyloides biplicatus,110494,Diastyloides biplicatus,Animalia,Arthropoda,Malacostraca,Cumacea,Diastylidae,Diastyloides,biplicatus
Didemnidae,103439,Didemnidae,Animalia,Chordata,Ascidiacea,Aplousobranchia,Didemnidae,NA,NA
Diplocirrus glaucus,130100,Diplocirrus glaucus,Animalia,Annelida,Polychaeta,Terebellida,Flabelligeridae,Diplocirrus,glaucus
Dipolydora,129611,Dipolydora,Animalia,Annelida,Polychaeta,Spionida,Spionidae,Dipolydora,NA
Dipolydora flava,131118,Dipolydora flava,Animalia,Annelida,Polychaeta,Spionida,Spionidae,Dipolydora,flava
Ditrupa arietina,130987,Ditrupa arietina,Animalia,Annelida,Polychaeta,Sabellida,Serpulidae,Ditrupa,arietina
Donax vittatus,139604,Donax vittatus,Animalia,Mollusca,Bivalvia,Cardiida,Donacidae,Donax,vittatus
Dosinia,138636,Dosinia,Animalia,Mollusca,Bivalvia,Venerida,Veneridae,Dosinia,NA
Dosinia lupinus,141912,Dosinia lupinus,Animalia,Mollusca,Bivalvia,Venerida,Veneridae,Dosinia,lupinus
Drilonereis,129200,Drilonereis,Animalia,Annelida,Polychaeta,Eunicida,Oenonidae,Drilonereis,NA
Dyopedos monacanthus,489646,Dyopedos monacanthus,Animalia,Arthropoda,Malacostraca,Amphipoda,Dulichiidae,Dyopedos,monacanthus
Ebalia,106889,Ebalia,Animalia,Arthropoda,Malacostraca,Decapoda,Leucosiidae,Ebalia,NA
Ebalia cranchii,107294,Ebalia cranchii,Animalia,Arthropoda,Malacostraca,Decapoda,Leucosiidae,Ebalia,cranchii
Ebalia tumefacta,107302,Ebalia tumefacta,Animalia,Arthropoda,Malacostraca,Decapoda,Leucosiidae,Ebalia,tumefacta
Echinocardium,123426,Echinocardium,Animalia,Echinodermata,Echinoidea,Spatangoida,Loveniidae,Echinocardium,NA
Echinocardium cordatum,124392,Echinocardium cordatum,Animalia,Echinodermata,Echinoidea,Spatangoida,Loveniidae,Echinocardium,cordatum
Echinocyamus pusillus,124273,Echinocyamus pusillus,Animalia,Echinodermata,Echinoidea,Echinolampadacea,Fibulariidae,Echinocyamus,pusillus
Eclysippe vanelli,129792,Eclysippe vanelli,Animalia,Annelida,Polychaeta,Terebellida,Ampharetidae,Eclysippe,vanelli
Edwardsiidae,100665,Edwardsiidae,Animalia,Cnidaria,Hexacorallia,Actiniaria,Edwardsiidae,NA,NA
Electra pilosa,1789435,Electra pilosa,Animalia,Bryozoa,Gymnolaemata,Cheilostomatida,Electridae,Electra,pilosa
Embletonia pulchra,141638,Embletonia pulchra,Animalia,Mollusca,Gastropoda,Nudibranchia,Embletoniidae,Embletonia,pulchra
Enipo kinbergi,130738,Enipo kinbergi,Animalia,Annelida,Polychaeta,Phyllodocida,Polynoidae,Enipo,kinbergi
Ennucula tenuis,140584,Ennucula tenuis,Animalia,Mollusca,Bivalvia,Nuculida,Nuculidae,Ennucula,tenuis
Ensis,138333,Ensis,Animalia,Mollusca,Bivalvia,Adapedonta,Pharidae,Ensis,NA
Ensis ensis,140733,Ensis ensis,Animalia,Mollusca,Bivalvia,Adapedonta,Pharidae,Ensis,ensis
Enteropneusta,1820,Enteropneusta,Animalia,Hemichordata,Enteropneusta,NA,NA,NA,NA
Epitonium clathratulum,139718,Epitonium clathratulum,Animalia,Mollusca,Gastropoda,Caenogastropoda incertae sedis,Epitoniidae,Epitonium,clathratulum
Epitonium trevelyanum,139736,Epitonium trevelyanum,Animalia,Mollusca,Gastropoda,Caenogastropoda incertae sedis,Epitoniidae,Epitonium,trevelyanum
Eriopisa elongata,102807,Eriopisa elongata,Animalia,Arthropoda,Malacostraca,Amphipoda,Eriopisidae,Eriopisa,elongata
Escharella immersa,111484,Escharella immersa,Animalia,Bryozoa,Gymnolaemata,Cheilostomatida,Escharellidae,Escharella,immersa
Eteone longa,130616,Eteone longa,Animalia,Annelida,Polychaeta,Phyllodocida,Phyllodocidae,Eteone,longa
Eucheilota maculata,117535,Eucheilota maculata,Animalia,Cnidaria,Hydrozoa,Leptothecata,Lovenellidae,Eucheilota,maculata
Euchone,129528,Euchone,Animalia,Annelida,Polychaeta,Sabellida,Sabellidae,Euchone,NA
Euchone pseudolimnicola,390408,Euchone pseudolimnicola,Animalia,Annelida,Polychaeta,Sabellida,Sabellidae,Euchone,pseudolimnicola
Euchone southerni,130910,Euchone southerni,Animalia,Annelida,Polychaeta,Sabellida,Sabellidae,Euchone,southerni
Euclymene droebachiensis,130291,Euclymene droebachiensis,Animalia,Annelida,Polychaeta,NA,Maldanidae,Euclymene,droebachiensis
Euclymene lombricoides,209899,Euclymene lombricoides,Animalia,Annelida,Polychaeta,NA,Maldanidae,Euclymene,lombricoides
Euclymene oerstedii,130294,Euclymene oerstedii,Animalia,Annelida,Polychaeta,NA,Maldanidae,Euclymene,oerstedii
Eudorella emarginata,110524,Eudorella emarginata,Animalia,Arthropoda,Malacostraca,Cumacea,Leuconidae,Eudorella,emarginata
Eudorella truncatula,110535,Eudorella truncatula,Animalia,Arthropoda,Malacostraca,Cumacea,Leuconidae,Eudorella,truncatula
Eudorellopsis deformis,110536,Eudorellopsis deformis,Animalia,Arthropoda,Malacostraca,Cumacea,Leuconidae,Eudorellopsis,deformis
Eumida bahusiensis,130641,Eumida bahusiensis,Animalia,Annelida,Polychaeta,Phyllodocida,Phyllodocidae,Eumida,bahusiensis
Eumida sanguinea,130644,Eumida sanguinea,Animalia,Annelida,Polychaeta,Phyllodocida,Phyllodocidae,Eumida,sanguinea
Eunereis longissima,130375,Eunereis longissima,Animalia,Annelida,Polychaeta,Phyllodocida,Nereididae,Eunereis,longissima
Euphausiidae,110671,Euphausiidae,Animalia,Arthropoda,Malacostraca,Euphausiacea,Euphausiidae,NA,NA
Euphysa aurata,117561,Euphysa aurata,Animalia,Cnidaria,Hydrozoa,Anthoathecata,Corymorphidae,Euphysa,aurata
Euspira,138239,Euspira,Animalia,Mollusca,Gastropoda,Littorinimorpha,Naticidae,Euspira,NA
Euspira fusca,140529,Euspira fusca,Animalia,Mollusca,Gastropoda,Littorinimorpha,Naticidae,Euspira,fusca
Euspira montagui,140533,Euspira montagui,Animalia,Mollusca,Gastropoda,Littorinimorpha,Naticidae,Euspira,montagui
Lunatia montagui,140533,Euspira montagui,Animalia,Mollusca,Gastropoda,Littorinimorpha,Naticidae,Euspira,montagui
Euspira nitida,151894,Euspira nitida,Animalia,Mollusca,Gastropoda,Littorinimorpha,Naticidae,Euspira,nitida
Exogone verugera,333456,Exogone verugera,Animalia,Annelida,Polychaeta,Phyllodocida,Syllidae,Exogone,verugera
Exogone (Exogone) verugera,333456,Exogone verugera,Animalia,Annelida,Polychaeta,Phyllodocida,Syllidae,Exogone,verugera
Fabulina fabula,146907,Fabulina fabula,Animalia,Mollusca,Bivalvia,Cardiida,Tellinidae,Fabulina,fabula
Falcidens crossotus,139112,Falcidens crossotus,Animalia,Mollusca,Caudofoveata,Chaetodermatida,Chaetodermatidae,Falcidens,crossotus
Filifera,16352,Filifera,Animalia,Cnidaria,Hydrozoa,Anthoathecata,NA,NA,NA
Flustra foliacea,111367,Flustra foliacea,Animalia,Bryozoa,Gymnolaemata,Cheilostomatida,Flustridae,Flustra,foliacea
Folliculinidae,1692,Folliculinidae,Chromista,Ciliophora,Heterotrichea,Heterotrichida,Folliculinidae,NA,NA
Foraminifera,1410,Foraminifera,Chromista,Foraminifera,NA,NA,NA,NA,NA
Galathea nexa,107152,Galathea nexa,Animalia,Arthropoda,Malacostraca,Decapoda,Galatheidae,Galathea,nexa
Galathowenia,146949,Galathowenia,Animalia,Annelida,Polychaeta,NA,Oweniidae,Galathowenia,NA
Galathowenia fragilis,146951,Galathowenia fragilis,Animalia,Annelida,Polychaeta,NA,Oweniidae,Galathowenia,fragilis
Galathowenia oculata,146950,Galathowenia oculata,Animalia,Annelida,Polychaeta,NA,Oweniidae,Galathowenia,oculata
Gammaropsis maculata,102364,Gammaropsis maculata,Animalia,Arthropoda,Malacostraca,Amphipoda,Photidae,Gammaropsis,maculata
Gari,138388,Gari,Animalia,Mollusca,Bivalvia,Cardiida,Psammobiidae,Gari,NA
Gari fervensis,140870,Gari fervensis,Animalia,Mollusca,Bivalvia,Cardiida,Psammobiidae,Gari,fervensis
Gastropoda,101,Gastropoda,Animalia,Mollusca,Gastropoda,NA,NA,NA,NA
Gastrosaccus sanctus,120019,Gastrosaccus sanctus,Animalia,Arthropoda,Malacostraca,Mysida,Mysidae,Gastrosaccus,sanctus
Gattyana cirrhosa,130749,Gattyana cirrhosa,Animalia,Annelida,Polychaeta,Phyllodocida,Polynoidae,Gattyana,cirrhosa
Glycera,129296,Glycera,Animalia,Annelida,Polychaeta,Phyllodocida,Glyceridae,Glycera,NA
Glycera alba,130116,Glycera alba,Animalia,Annelida,Polychaeta,Phyllodocida,Glyceridae,Glycera,alba
Glycera celtica,130119,Glycera celtica,Animalia,Annelida,Polychaeta,Phyllodocida,Glyceridae,Glycera,celtica
Glycera lapidum,130123,Glycera lapidum,Animalia,Annelida,Polychaeta,Phyllodocida,Glyceridae,Glycera,lapidum
Glycera oxycephala,130126,Glycera oxycephala,Animalia,Annelida,Polychaeta,Phyllodocida,Glyceridae,Glycera,oxycephala
Glycera unicornis,130131,Glycera unicornis,Animalia,Annelida,Polychaeta,Phyllodocida,Glyceridae,Glycera,unicornis
Glyceridae,952,Glyceridae,Animalia,Annelida,Polychaeta,Phyllodocida,Glyceridae,NA,NA
Glycinde nordmanni,130136,Glycinde nordmanni,Animalia,Annelida,Polychaeta,Phyllodocida,Goniadidae,Glycinde,nordmanni
Glyphohesione klatti,130696,Glyphohesione klatti,Animalia,Annelida,Polychaeta,Phyllodocida,Pilargidae,Glyphohesione,klatti
Gnathia,118437,Gnathia,Animalia,Arthropoda,Malacostraca,Isopoda,Gnathiidae,Gnathia,NA
Gnathia oxyuraea,118995,Gnathia oxyuraea,Animalia,Arthropoda,Malacostraca,Isopoda,Gnathiidae,Gnathia,oxyuraea
Gnathiidae,118278,Gnathiidae,Animalia,Arthropoda,Malacostraca,Isopoda,Gnathiidae,NA,NA
Golfingia (Golfingia) elongata,175026,Golfingia (Golfingia) elongata,Animalia,Annelida,NA,Sipuncula,Golfingiidae,Golfingia,elongata
Golfingia elongata,175026,Golfingia (Golfingia) elongata,Animalia,Annelida,NA,Sipuncula,Golfingiidae,Golfingia,elongata
Golfingia (Golfingia) vulgaris,410724,Golfingia (Golfingia) vulgaris vulgaris,Animalia,Annelida,NA,Sipuncula,Golfingiidae,Golfingia,vulgaris
Golfingiidae,2032,Golfingiidae,Animalia,Annelida,NA,Sipuncula,Golfingiidae,NA,NA
Goneplax rhomboides,107292,Goneplax rhomboides,Animalia,Arthropoda,Malacostraca,Decapoda,Goneplacidae,Goneplax,rhomboides
Goniada,129300,Goniada,Animalia,Annelida,Polychaeta,Phyllodocida,Goniadidae,Goniada,NA
Goniada maculata,130140,Goniada maculata,Animalia,Annelida,Polychaeta,Phyllodocida,Goniadidae,Goniada,maculata
Goniada norvegica,130141,Goniada norvegica,Animalia,Annelida,Polychaeta,Phyllodocida,Goniadidae,Goniada,norvegica
Goniadidae,953,Goniadidae,Animalia,Annelida,Polychaeta,Phyllodocida,Goniadidae,NA,NA
Hagiosynodos latus,111391,Hagiosynodos latus,Animalia,Bryozoa,Gymnolaemata,Cheilostomatida,Cheiloporinidae,Hagiosynodos,latus
Halecium,117103,Halecium,Animalia,Cnidaria,Hydrozoa,Leptothecata,Haleciidae,Halecium,NA
Halopteris catharina,117631,Halopteris catharina,Animalia,Cnidaria,Hydrozoa,Leptothecata,Halopterididae,Halopteris,catharina
Harmothoe,129491,Harmothoe,Animalia,Annelida,Polychaeta,Phyllodocida,Polynoidae,Harmothoe,NA
Harmothoe antilopes,130754,Harmothoe antilopes,Animalia,Annelida,Polychaeta,Phyllodocida,Polynoidae,Harmothoe,antilopes
Harmothoe glabra,571832,Harmothoe glabra,Animalia,Annelida,Polychaeta,Phyllodocida,Polynoidae,Harmothoe,glabra
Harmothoe globifera,130766,Harmothoe globifera,Animalia,Annelida,Polychaeta,Phyllodocida,Polynoidae,Harmothoe,globifera
Harmothoe imbricata,130769,Harmothoe imbricata,Animalia,Annelida,Polychaeta,Phyllodocida,Polynoidae,Harmothoe,imbricata
Harpinia antennaria,102960,Harpinia antennaria,Animalia,Arthropoda,Malacostraca,Amphipoda,Phoxocephalidae,Harpinia,antennaria
Harpinia crenulata,102963,Harpinia crenulata,Animalia,Arthropoda,Malacostraca,Amphipoda,Phoxocephalidae,Harpinia,crenulata
Harpinia laevis,102968,Harpinia laevis,Animalia,Arthropoda,Malacostraca,Amphipoda,Phoxocephalidae,Harpinia,laevis
Harpinia pectinata,102972,Harpinia pectinata,Animalia,Arthropoda,Malacostraca,Amphipoda,Phoxocephalidae,Harpinia,pectinata
Hemilamprops,110407,Hemilamprops,Animalia,Arthropoda,Malacostraca,Cumacea,Lampropidae,Hemilamprops,NA
Hemilamprops roseus,110514,Hemilamprops roseus,Animalia,Arthropoda,Malacostraca,Cumacea,Lampropidae,Hemilamprops,roseus
Hermania,720758,Hermania,Animalia,Mollusca,Gastropoda,Cephalaspidea,Philinidae,Hermania,NA
Hermania scabra,867492,Hermania scabra,Animalia,Mollusca,Gastropoda,Cephalaspidea,Philinidae,Hermania,scabra
Heteromastus,129214,Heteromastus,Animalia,Annelida,Polychaeta,NA,Capitellidae,Heteromastus,NA
Heteromastus filiformis,129884,Heteromastus filiformis,Animalia,Annelida,Polychaeta,NA,Capitellidae,Heteromastus,filiformis
Hiatella arctica,140103,Hiatella arctica,Animalia,Mollusca,Bivalvia,Adapedonta,Hiatellidae,Hiatella,arctica
Hippomedon denticulatus,102570,Hippomedon denticulatus,Animalia,Arthropoda,Malacostraca,Amphipoda,Tryphosidae,Hippomedon,denticulatus
Holothuroidea,123083,Holothuroidea,Animalia,Echinodermata,Holothuroidea,NA,NA,NA,NA
Hyala vitrea,140129,Hyala vitrea,Animalia,Mollusca,Gastropoda,Littorinimorpha,Iravadiidae,Hyala,vitrea
Hyalinoecia tubicola,130464,Hyalinoecia tubicola,Animalia,Annelida,Polychaeta,Eunicida,Onuphidae,Hyalinoecia,tubicola
Hydractinia echinata,117644,Hydractinia echinata,Animalia,Cnidaria,Hydrozoa,Anthoathecata,Hydractiniidae,Hydractinia,echinata
Hydrallmania falcata,117890,Hydrallmania falcata,Animalia,Cnidaria,Hydrozoa,Leptothecata,Sertulariidae,Hydrallmania,falcata
Hydroides norvegica,131009,Hydroides norvegica,Animalia,Annelida,Polychaeta,Sabellida,Serpulidae,Hydroides,norvegica
Hyperiidae,101417,Hyperiidae,Animalia,Arthropoda,Malacostraca,Amphipoda,Hyperiidae,NA,NA
Ione thoracica,118218,Ione thoracica,Animalia,Arthropoda,Malacostraca,Isopoda,Ionidae,Ione,thoracica
Iphimedia nexa,102346,Iphimedia nexa,Animalia,Arthropoda,Malacostraca,Amphipoda,Iphimediidae,Iphimedia,nexa
Iphinoe serrata,110460,Iphinoe serrata,Animalia,Arthropoda,Malacostraca,Cumacea,Bodotriidae,Iphinoe,serrata
Iphinoe trispinosa,110462,Iphinoe trispinosa,Animalia,Arthropoda,Malacostraca,Cumacea,Bodotriidae,Iphinoe,trispinosa
Isaeidae,101388,Isaeidae,Animalia,Arthropoda,Malacostraca,Amphipoda,Isaeidae,NA,NA
Isopoda,1131,Isopoda,Animalia,Arthropoda,Malacostraca,Isopoda,NA,NA,NA
Jaculella,112307,Jaculella,Chromista,Foraminifera,Monothalamea,Astrorhizida,Hippocrepinidae,Jaculella,NA
Janira maculosa,118732,Janira maculosa,Animalia,Arthropoda,Malacostraca,Isopoda,Janiridae,Janira,maculosa
Jasmineira caudata,130920,Jasmineira caudata,Animalia,Annelida,Polychaeta,Sabellida,Sabellidae,Jasmineira,caudata
Jasmineira elegans,130921,Jasmineira elegans,Animalia,Annelida,Polychaeta,Sabellida,Sabellidae,Jasmineira,elegans
Kirkegaardia,884676,Kirkegaardia,Animalia,Annelida,Polychaeta,Terebellida,Cirratulidae,Kirkegaardia,NA
Kurtiella bidentata,345281,Kurtiella bidentata,Animalia,Mollusca,Bivalvia,Galeommatida,Lasaeidae,Kurtiella,bidentata
Kurtiella tumidula,345287,Kurtiella tumidula,Animalia,Mollusca,Bivalvia,Galeommatida,Lasaeidae,Kurtiella,tumidula
Labidoplax buskii,124455,Labidoplax buskii,Animalia,Echinodermata,Holothuroidea,Apodida,Synaptidae,Labidoplax,buskii
Labidoplax buski,124455,Labidoplax buskii,Animalia,Echinodermata,Holothuroidea,Apodida,Synaptidae,Labidoplax,buskii
Lagis koreni,152367,Lagis koreni,Animalia,Annelida,Polychaeta,Terebellida,Pectinariidae,Lagis,koreni
Lanice conchilega,131495,Lanice conchilega,Animalia,Annelida,Polychaeta,Terebellida,Terebellidae,Lanice,conchilega
Laomedea flexuosa,117382,Laomedea flexuosa,Animalia,Cnidaria,Hydrozoa,Leptothecata,Campanulariidae,Laomedea,flexuosa
Laona quadrata,882941,Laona quadrata,Animalia,Mollusca,Gastropoda,Cephalaspidea,Laonidae,Laona,quadrata
Laonice bahusiensis,131127,Laonice bahusiensis,Animalia,Annelida,Polychaeta,Spionida,Spionidae,Laonice,bahusiensis
Laonice irinae,1518242,Laonice irinae,Animalia,Annelida,Polychaeta,Spionida,Spionidae,Laonice,irinae
Laonice sarsi,131129,Laonice sarsi,Animalia,Annelida,Polychaeta,Spionida,Spionidae,Laonice,sarsi
Leiochone,146991,Leiochone,Animalia,Annelida,Polychaeta,NA,Maldanidae,Leiochone,NA
Leiochone leiopygos,559007,Leiochone leiopygos,Animalia,Annelida,Polychaeta,NA,Maldanidae,Leiochone,leiopygos
Lepidepecreum longicorne,102598,Lepidepecreum longicorne,Animalia,Arthropoda,Malacostraca,Amphipoda,Tryphosidae,Lepidepecreum,longicorne
Leptochiton asellus,140199,Leptochiton asellus,Animalia,Mollusca,Polyplacophora,Lepidopleurida,Leptochitonidae,Leptochiton,asellus
Leptostylis villosa,110506,Leptostylis villosa,Animalia,Arthropoda,Malacostraca,Cumacea,Diastylidae,Leptostylis,villosa
Leptosynapta,123449,Leptosynapta,Animalia,Echinodermata,Holothuroidea,Apodida,Synaptidae,Leptosynapta,NA
Leptosynapta bergensis,124462,Leptosynapta bergensis,Animalia,Echinodermata,Holothuroidea,Apodida,Synaptidae,Leptosynapta,bergensis
Leptosynapta decaria,124463,Leptosynapta decaria,Animalia,Echinodermata,Holothuroidea,Apodida,Synaptidae,Leptosynapta,decaria
Leuckartiara octona,117791,Leuckartiara octona,Animalia,Cnidaria,Hydrozoa,Anthoathecata,Pandeidae,Leuckartiara,octona
Leucon (Leucon) nasica,110618,Leucon (Leucon) nasica,Animalia,Arthropoda,Malacostraca,Cumacea,Leuconidae,Leucon,nasica
Leucon nasica,110618,Leucon (Leucon) nasica,Animalia,Arthropoda,Malacostraca,Cumacea,Leuconidae,Leucon,nasica
Leucothoe incisa,102460,Leucothoe incisa,Animalia,Arthropoda,Malacostraca,Amphipoda,Leucothoidae,Leucothoe,incisa
Leucothoe lilljeborgi,102462,Leucothoe lilljeborgi,Animalia,Arthropoda,Malacostraca,Amphipoda,Leucothoidae,Leucothoe,lilljeborgi
Levinsenia gracilis,130578,Levinsenia gracilis,Animalia,Annelida,Polychaeta,NA,Paraonidae,Levinsenia,gracilis
Liocarcinus,106925,Liocarcinus,Animalia,Arthropoda,Malacostraca,Decapoda,Polybiidae,Liocarcinus,NA
Lovenella clausa,117736,Lovenella clausa,Animalia,Cnidaria,Hydrozoa,Leptothecata,Lovenellidae,Lovenella,clausa
Loxosomella murmanica,111834,Loxosomella murmanica,Animalia,Entoprocta,NA,NA,Loxosomatidae,Loxosomella,murmanica
Loxosomella varians,111844,Loxosomella varians,Animalia,Entoprocta,NA,NA,Loxosomatidae,Loxosomella,varians
Lucinoma borealis,140283,Lucinoma borealis,Animalia,Mollusca,Bivalvia,Lucinida,Lucinidae,Lucinoma,borealis
Lumbrineridae,967,Lumbrineridae,Animalia,Annelida,Polychaeta,Eunicida,Lumbrineridae,NA,NA
Lumbrineris cingulata,130240,Lumbrineris cingulata,Animalia,Annelida,Polychaeta,Eunicida,Lumbrineridae,Lumbrineris,cingulata
Lysilla loveni,131500,Lysilla loveni,Animalia,Annelida,Polychaeta,Terebellida,Terebellidae,Lysilla,loveni
Lytocarpia myriophyllum,117302,Lytocarpia myriophyllum,Animalia,Cnidaria,Hydrozoa,Leptothecata,Aglaopheniidae,Lytocarpia,myriophyllum
Mactra,138158,Mactra,Animalia,Mollusca,Bivalvia,Venerida,Mactridae,Mactra,NA
Magelona,129341,Magelona,Animalia,Annelida,Polychaeta,NA,Magelonidae,Magelona,NA
Magelona alleni,130266,Magelona alleni,Animalia,Annelida,Polychaeta,NA,Magelonidae,Magelona,alleni
Magelona filiformis,130268,Magelona filiformis,Animalia,Annelida,Polychaeta,NA,Magelonidae,Magelona,filiformis
Magelona johnstoni,130269,Magelona johnstoni,Animalia,Annelida,Polychaeta,NA,Magelonidae,Magelona,johnstoni
Magelona minuta,130270,Magelona minuta,Animalia,Annelida,Polychaeta,NA,Magelonidae,Magelona,minuta
Maldanidae,923,Maldanidae,Animalia,Annelida,Polychaeta,NA,Maldanidae,NA,NA
Malmgrenia,147006,Malmgrenia,Animalia,Annelida,Polychaeta,Phyllodocida,Polynoidae,Malmgrenia,NA
Malmgrenia andreapolis,147008,Malmgrenia andreapolis,Animalia,Annelida,Polychaeta,Phyllodocida,Polynoidae,Malmgrenia,andreapolis
Malmgrenia arenicolae,152276,Malmgrenia arenicolae,Animalia,Annelida,Polychaeta,Phyllodocida,Polynoidae,Malmgrenia,arenicolae
Malmgrenia darbouxi,863197,Malmgrenia darbouxi,Animalia,Annelida,Polychaeta,Phyllodocida,Polynoidae,Malmgrenia,darbouxi
Malmgrenia ljungmani,152304,Malmgrenia ljungmani,Animalia,Annelida,Polychaeta,Phyllodocida,Polynoidae,Malmgrenia,ljungmani
Malmgrenia marphysae,152267,Malmgrenia marphysae,Animalia,Annelida,Polychaeta,Phyllodocida,Polynoidae,Malmgrenia,marphysae
Malmgrenia mcintoshi,147007,Malmgrenia mcintoshi,Animalia,Annelida,Polychaeta,Phyllodocida,Polynoidae,Malmgrenia,mcintoshi
Medicorophium affine,423507,Medicorophium affine,Animalia,Arthropoda,Malacostraca,Amphipoda,Corophiidae,Medicorophium,affine
Mediomastus fragilis,129892,Mediomastus fragilis,Animalia,Annelida,Polychaeta,NA,Capitellidae,Mediomastus,fragilis
Megaluropus agilis,102783,Megaluropus agilis,Animalia,Arthropoda,Malacostraca,Amphipoda,Megaluropidae,Megaluropus,agilis
Megastomia conoidea,224401,Megastomia conoidea,Animalia,Mollusca,Gastropoda,NA,Pyramidellidae,Megastomia,conoidea
Melanella polita,139859,Melanella polita,Animalia,Mollusca,Gastropoda,Littorinimorpha,Eulimidae,Melanella,polita
Melitidae,101397,Melitidae,Animalia,Arthropoda,Malacostraca,Amphipoda,Melitidae,NA,NA
Mendicula ferruginosa,152905,Mendicula ferruginosa,Animalia,Mollusca,Bivalvia,Lucinida,Thyasiridae,Mendicula,ferruginosa
Molgulidae,103448,Molgulidae,Animalia,Chordata,Ascidiacea,Stolidobranchia,Molgulidae,NA,NA
Montacuta substriata,140377,Montacuta substriata,Animalia,Mollusca,Bivalvia,Galeommatida,Lasaeidae,Montacuta,substriata
Myodocopida,2104,Myodocopida,Animalia,Arthropoda,Ostracoda,Myodocopida,NA,NA,NA
Myrianida,129659,Myrianida,Animalia,Annelida,Polychaeta,Phyllodocida,Syllidae,Myrianida,NA
Myriochele,129426,Myriochele,Animalia,Annelida,Polychaeta,NA,Oweniidae,Myriochele,NA
Myriochele danielsseni,130540,Myriochele danielsseni,Animalia,Annelida,Polychaeta,NA,Oweniidae,Myriochele,danielsseni
Myriochele heeri,130542,Myriochele heeri,Animalia,Annelida,Polychaeta,NA,Oweniidae,Myriochele,heeri
Myrtea spinifera,140287,Myrtea spinifera,Animalia,Mollusca,Bivalvia,Lucinida,Lucinidae,Myrtea,spinifera
Mysia undata,140728,Mysia undata,Animalia,Mollusca,Bivalvia,Venerida,Veneridae,Mysia,undata
Mysidae,119822,Mysidae,Animalia,Arthropoda,Malacostraca,Mysida,Mysidae,NA,NA
Mytilus edulis,140480,Mytilus edulis,Animalia,Mollusca,Bivalvia,Mytilida,Mytilidae,Mytilus,edulis
Naticidae,145,Naticidae,Animalia,Mollusca,Gastropoda,Littorinimorpha,Naticidae,NA,NA
Nematoda,799,Nematoda,Animalia,Nematoda,NA,NA,NA,NA,NA
Nemertea,152391,Nemertea,Animalia,Nemertea,NA,NA,NA,NA,NA
Neogyptis rosea,743514,Neogyptis rosea,Animalia,Annelida,Polychaeta,Phyllodocida,Hesionidae,Neogyptis,rosea
Neoturris,117185,Neoturris,Animalia,Cnidaria,Hydrozoa,Anthoathecata,Pandeidae,Neoturris,NA
Nephasoma (Nephasoma) minutum,136060,Nephasoma (Nephasoma) minutum,Animalia,Annelida,NA,Sipuncula,Golfingiidae,Nephasoma,minutum
Nephasoma minutum,136060,Nephasoma (Nephasoma) minutum,Animalia,Annelida,NA,Sipuncula,Golfingiidae,Nephasoma,minutum
Nephrops norvegicus,107254,Nephrops norvegicus,Animalia,Arthropoda,Malacostraca,Decapoda,Nephropidae,Nephrops,norvegicus
Nephtys,129370,Nephtys,Animalia,Annelida,Polychaeta,Phyllodocida,Nephtyidae,Nephtys,NA
Nephtys assimilis,130353,Nephtys assimilis,Animalia,Annelida,Polychaeta,Phyllodocida,Nephtyidae,Nephtys,assimilis
Nephtys caeca,130355,Nephtys caeca,Animalia,Annelida,Polychaeta,Phyllodocida,Nephtyidae,Nephtys,caeca
Nephtys cirrosa,130357,Nephtys cirrosa,Animalia,Annelida,Polychaeta,Phyllodocida,Nephtyidae,Nephtys,cirrosa
Nephtys hombergii,130359,Nephtys hombergii,Animalia,Annelida,Polychaeta,Phyllodocida,Nephtyidae,Nephtys,hombergii
Nephtys hystricis,130360,Nephtys hystricis,Animalia,Annelida,Polychaeta,Phyllodocida,Nephtyidae,Nephtys,hystricis
Nephtys incisa,130362,Nephtys incisa,Animalia,Annelida,Polychaeta,Phyllodocida,Nephtyidae,Nephtys,incisa
Nephtys kersivalensis,130363,Nephtys kersivalensis,Animalia,Annelida,Polychaeta,Phyllodocida,Nephtyidae,Nephtys,kersivalensis
Nephtys paradoxa,130365,Nephtys paradoxa,Animalia,Annelida,Polychaeta,Phyllodocida,Nephtyidae,Nephtys,paradoxa
Nereididae,22496,Nereididae,Animalia,Annelida,Polychaeta,Phyllodocida,Nereididae,NA,NA
Nereis zonata,130407,Nereis zonata,Animalia,Annelida,Polychaeta,Phyllodocida,Nereididae,Nereis,zonata
Nicippe tumida,102944,Nicippe tumida,Animalia,Arthropoda,Malacostraca,Amphipoda,Pardaliscidae,Nicippe,tumida
Nicolea venustula,131507,Nicolea venustula,Animalia,Annelida,Polychaeta,Terebellida,Terebellidae,Nicolea,venustula
Nothria,129402,Nothria,Animalia,Annelida,Polychaeta,Eunicida,Onuphidae,Nothria,NA
Notomastus,129220,Notomastus,Animalia,Annelida,Polychaeta,NA,Capitellidae,Notomastus,NA
Nototropis swammerdamei,488966,Nototropis swammerdamei,Animalia,Arthropoda,Malacostraca,Amphipoda,Atylidae,Nototropis,swammerdamei
Nototropis vedlomensis,179538,Nototropis vedlomensis,Animalia,Arthropoda,Malacostraca,Amphipoda,Atylidae,Nototropis,vedlomensis
Nucula,138262,Nucula,Animalia,Mollusca,Bivalvia,Nuculida,Nuculidae,Nucula,NA
Nucula nitidosa,140589,Nucula nitidosa,Animalia,Mollusca,Bivalvia,Nuculida,Nuculidae,Nucula,nitidosa
Nucula sulcata,140592,Nucula sulcata,Animalia,Mollusca,Bivalvia,Nuculida,Nuculidae,Nucula,sulcata
Nuculana minuta,140577,Nuculana minuta,Animalia,Mollusca,Bivalvia,Nuculanida,Nuculanidae,Nuculana,minuta
Nuculanidae,205,Nuculanidae,Animalia,Mollusca,Bivalvia,Nuculanida,Nuculanidae,NA,NA
Nuculidae,204,Nuculidae,Animalia,Mollusca,Bivalvia,Nuculida,Nuculidae,NA,NA
Nudibranchia,1762,Nudibranchia,Animalia,Mollusca,Gastropoda,Nudibranchia,NA,NA,NA
Nyctiphanes couchii,254316,Nyctiphanes couchii,Animalia,Arthropoda,Malacostraca,Euphausiacea,Euphausiidae,Nyctiphanes,couchii
Onchidoris,138288,Onchidoris,Animalia,Mollusca,Gastropoda,Doridida,Onchidorididae,Onchidoris,NA
Opercularella lacerata,117413,Opercularella lacerata,Animalia,Cnidaria,Hydrozoa,Leptothecata,Campanulinidae,Opercularella,lacerata
Ophelia,129413,Ophelia,Animalia,Annelida,Polychaeta,NA,Opheliidae,Ophelia,NA
Ophelia borealis,130491,Ophelia borealis,Animalia,Annelida,Polychaeta,NA,Opheliidae,Ophelia,borealis
Ophelina acuminata,130500,Ophelina acuminata,Animalia,Annelida,Polychaeta,NA,Opheliidae,Ophelina,acuminata
Ophelina cylindricaudata,130503,Ophelina cylindricaudata,Animalia,Annelida,Polychaeta,NA,Opheliidae,Ophelina,cylindricaudata
Ophelina modesta,130507,Ophelina modesta,Animalia,Annelida,Polychaeta,NA,Opheliidae,Ophelina,modesta
Ophiactis balli,125110,Ophiactis balli,Animalia,Echinodermata,Ophiuroidea,Amphilepidida,Ophiactidae,Ophiactis,balli
Ophiocten affinis,124850,Ophiocten affinis,Animalia,Echinodermata,Ophiuroidea,Ophiurida,Ophiuridae,Ophiocten,affinis
Ophiothrix fragilis,125131,Ophiothrix fragilis,Animalia,Echinodermata,Ophiuroidea,Amphilepidida,Ophiotrichidae,Ophiothrix,fragilis
Ophiuridae,123200,Ophiuridae,Animalia,Echinodermata,Ophiuroidea,Ophiurida,Ophiuridae,NA,NA
Ophiuroidea,123084,Ophiuroidea,Animalia,Echinodermata,Ophiuroidea,NA,NA,NA,NA
Ophryotrocha,129266,Ophryotrocha,Animalia,Annelida,Polychaeta,Eunicida,Dorvilleidae,Ophryotrocha,NA
Orbinia latreillii,130522,Orbinia latreillii,Animalia,Annelida,Polychaeta,NA,Orbiniidae,Orbinia,latreillii
Orbinia sertulata,130523,Orbinia sertulata,Animalia,Annelida,Polychaeta,NA,Orbiniidae,Orbinia,sertulata
Orbinia (Orbinia) sertulata,130523,Orbinia sertulata,Animalia,Annelida,Polychaeta,NA,Orbiniidae,Orbinia,sertulata
Orbiniidae,902,Orbiniidae,Animalia,Annelida,Polychaeta,NA,Orbiniidae,NA,NA
Owenia,1665023,Owenia,Chromista,Haptophyta,Coccolithophyceae,Coccolithales,Calyptrosphaeraceae,Owenia,NA
Oweniidae,975,Oweniidae,Animalia,Annelida,Polychaeta,NA,Oweniidae,NA,NA
Oxydromus flexuosus,710680,Oxydromus flexuosus,Animalia,Annelida,Polychaeta,Phyllodocida,Hesionidae,Oxydromus,flexuosus
Paguridae,106738,Paguridae,Animalia,Arthropoda,Malacostraca,Decapoda,Paguridae,NA,NA
Pagurus prideaux,107239,Pagurus prideaux,Animalia,Arthropoda,Malacostraca,Decapoda,Paguridae,Pagurus,prideaux
Pagurus pubescens,107240,Pagurus pubescens,Animalia,Arthropoda,Malacostraca,Decapoda,Paguridae,Pagurus,pubescens
Panthalis oerstedi,129737,Panthalis oerstedi,Animalia,Annelida,Polychaeta,Phyllodocida,Acoetidae,Panthalis,oerstedi
Papillicardium minimum,1417307,Papillicardium minimum,Animalia,Mollusca,Bivalvia,Cardiida,Cardiidae,Papillicardium,minimum
Parvicardium minimum,1417307,Papillicardium minimum,Animalia,Mollusca,Bivalvia,Cardiida,Cardiidae,Papillicardium,minimum
Paradialychone,558736,Paradialychone,Animalia,Annelida,Polychaeta,Sabellida,Sabellidae,Paradialychone,NA
Paradoneis lyra,130585,Paradoneis lyra,Animalia,Annelida,Polychaeta,NA,Paraonidae,Paradoneis,lyra
Paradulichia typica,103050,Paradulichia typica,Animalia,Arthropoda,Malacostraca,Amphipoda,Dulichiidae,Paradulichia,typica
Leptopentacta elongata,1474372,Paraleptopentacta elongata,Animalia,Echinodermata,Holothuroidea,Dendrochirotida,Cucumariidae,Paraleptopentacta,elongata
Paramphinome jeffreysii,129837,Paramphinome jeffreysii,Animalia,Annelida,Polychaeta,Amphinomida,Amphinomidae,Paramphinome,jeffreysii
Paramphitrite birulai,152454,Paramphitrite birulai,Animalia,Annelida,Polychaeta,Terebellida,Terebellidae,Paramphitrite,birulai
Paranymphon spinosum,134632,Paranymphon spinosum,Animalia,Arthropoda,Pycnogonida,Pantopoda,Ascorhynchidae,Paranymphon,spinosum
Paratanaoidea,148687,Paratanaoidea,Animalia,Arthropoda,Malacostraca,Tanaidacea,NA,NA,NA
Parathelepus collaris,131512,Parathelepus collaris,Animalia,Annelida,Polychaeta,Terebellida,Terebellidae,Parathelepus,collaris
Parathyasira equalis,954693,Parathyasira equalis,Animalia,Mollusca,Bivalvia,Lucinida,Thyasiridae,Parathyasira,equalis
Pariambus typicus,101857,Pariambus typicus,Animalia,Arthropoda,Malacostraca,Amphipoda,Caprellidae,Pariambus,typicus
Parvicardium,137739,Parvicardium,Animalia,Mollusca,Bivalvia,Cardiida,Cardiidae,Parvicardium,NA
Paucibranchia kinbergi,1305584,Paucibranchia kinbergi,Animalia,Annelida,Polychaeta,Eunicida,Eunicidae,Paucibranchia,kinbergi
Pectinariidae,980,Pectinariidae,Animalia,Annelida,Polychaeta,Terebellida,Pectinariidae,NA,NA
Penetrantiidae,110797,Penetrantiidae,Animalia,Bryozoa,Gymnolaemata,Ctenostomatida,Penetrantiidae,NA,NA
Pennatula phosphorea,128517,Pennatula phosphorea,Animalia,Cnidaria,Octocorallia,Scleralcyonacea,Pennatulidae,Pennatula,phosphorea
Peresiella clymenoides,129906,Peresiella clymenoides,Animalia,Annelida,Polychaeta,NA,Capitellidae,Peresiella,clymenoides
Perioculodes longimanus,102915,Perioculodes longimanus,Animalia,Arthropoda,Malacostraca,Amphipoda,Oedicerotidae,Perioculodes,longimanus
Petalosarsia declivis,110593,Petalosarsia declivis,Animalia,Arthropoda,Malacostraca,Cumacea,Pseudocumatidae,Petalosarsia,declivis
Pharidae,23091,Pharidae,Animalia,Mollusca,Bivalvia,Adapedonta,Pharidae,NA,NA
Phascolion (Phascolion) strombus strombus,410749,Phascolion (Phascolion) strombus strombus,Animalia,Annelida,NA,Sipuncula,Golfingiidae,Phascolion,strombus
Phascolion (Phascolion) strombus,410749,Phascolion (Phascolion) strombus strombus,Animalia,Annelida,NA,Sipuncula,Golfingiidae,Phascolion,strombus
Phascolion strombus,410749,Phascolion (Phascolion) strombus strombus,Animalia,Annelida,NA,Sipuncula,Golfingiidae,Phascolion,strombus
Phaxas pellucidus,140737,Phaxas pellucidus,Animalia,Mollusca,Bivalvia,Adapedonta,Pharidae,Phaxas,pellucidus
Phialella quadrata,117804,Phialella quadrata,Animalia,Cnidaria,Hydrozoa,Leptothecata,Phialellidae,Phialella,quadrata
Philine quadripartita,574582,Philine quadripartita,Animalia,Mollusca,Gastropoda,Cephalaspidea,Philinidae,Philine,quadripartita
Pholoe baltica,130599,Pholoe baltica,Animalia,Annelida,Polychaeta,Phyllodocida,Sigalionidae,Pholoe,baltica
Pholoe baltica (sensu Petersen),130599,Pholoe baltica,Animalia,Annelida,Polychaeta,Phyllodocida,Sigalionidae,Pholoe,baltica
Pholoe inornata,130601,Pholoe inornata,Animalia,Annelida,Polychaeta,Phyllodocida,Sigalionidae,Pholoe,inornata
Pholoe pallida,130604,Pholoe pallida,Animalia,Annelida,Polychaeta,Phyllodocida,Sigalionidae,Pholoe,pallida
Phoronis,128545,Phoronis,Animalia,Phoronida,NA,NA,Phoronidae,Phoronis,NA
Photis longicaudata,102383,Photis longicaudata,Animalia,Arthropoda,Malacostraca,Amphipoda,Photidae,Photis,longicaudata
Phtisica marina,101864,Phtisica marina,Animalia,Arthropoda,Malacostraca,Amphipoda,Caprellidae,Phtisica,marina
Phyllodoce,129455,Phyllodoce,Animalia,Annelida,Polychaeta,Phyllodocida,Phyllodocidae,Phyllodoce,NA
Phyllodoce groenlandica,334506,Phyllodoce groenlandica,Animalia,Annelida,Polychaeta,Phyllodocida,Phyllodocidae,Phyllodoce,groenlandica
Phyllodoce longipes,130673,Phyllodoce longipes,Animalia,Annelida,Polychaeta,Phyllodocida,Phyllodocidae,Phyllodoce,longipes
Phyllodoce rosea,334514,Phyllodoce rosea,Animalia,Annelida,Polychaeta,Phyllodocida,Phyllodocidae,Phyllodoce,rosea
Phylo grubei,130529,Phylo grubei,Animalia,Annelida,Polychaeta,NA,Orbiniidae,Phylo,grubei
Pisidia longicornis,107188,Pisidia longicornis,Animalia,Arthropoda,Malacostraca,Decapoda,Porcellanidae,Pisidia,longicornis
Pista bansei,152254,Pista bansei,Animalia,Annelida,Polychaeta,Terebellida,Terebellidae,Pista,bansei
Pista cristata,131516,Pista cristata,Animalia,Annelida,Polychaeta,Terebellida,Terebellidae,Pista,cristata
Platyhelminthes,793,Platyhelminthes,Animalia,Platyhelminthes,NA,NA,NA,NA,NA
Podarkeopsis,129319,Podarkeopsis,Animalia,Annelida,Polychaeta,Phyllodocida,Hesionidae,Podarkeopsis,NA
Podarkeopsis capensis,130195,Podarkeopsis capensis,Animalia,Annelida,Polychaeta,Phyllodocida,Hesionidae,Podarkeopsis,capensis
Poecilochaetus serpens,130711,Poecilochaetus serpens,Animalia,Annelida,Polychaeta,Spionida,Poecilochaetidae,Poecilochaetus,serpens
Polycarpa fibrosa,103902,Polycarpa fibrosa,Animalia,Chordata,Ascidiacea,Stolidobranchia,Styelidae,Polycarpa,fibrosa
Polychaeta,883,Polychaeta,Animalia,Annelida,Polychaeta,NA,NA,NA,NA
Polycirrus,129710,Polycirrus,Animalia,Annelida,Polychaeta,Terebellida,Terebellidae,Polycirrus,NA
Polynoe scolopendrina,130830,Polynoe scolopendrina,Animalia,Annelida,Polychaeta,Phyllodocida,Polynoidae,Polynoe,scolopendrina
Polynoidae,939,Polynoidae,Animalia,Annelida,Polychaeta,Phyllodocida,Polynoidae,NA,NA
Pontocrates arenarius,102918,Pontocrates arenarius,Animalia,Arthropoda,Malacostraca,Amphipoda,Oedicerotidae,Pontocrates,arenarius
Pontocrates moorei,1568802,Pontocrates moorei,Animalia,Arthropoda,Malacostraca,Amphipoda,Oedicerotidae,Pontocrates,moorei
Porania pulvillus,125166,Porania (Porania) pulvillus,Animalia,Echinodermata,Asteroidea,Valvatida,Poraniidae,Porania,pulvillus
Porifera,558,Porifera,Animalia,Porifera,NA,NA,NA,NA,NA
Praxillella affinis,130322,Praxillella affinis,Animalia,Annelida,Polychaeta,NA,Maldanidae,Praxillella,affinis
Praxillura longissima,130327,Praxillura longissima,Animalia,Annelida,Polychaeta,NA,Maldanidae,Praxillura,longissima
Prionospio cirrifera,131153,Prionospio cirrifera,Animalia,Annelida,Polychaeta,Spionida,Spionidae,Prionospio,cirrifera
Prionospio cf. cirrifera,131153,Prionospio cirrifera,Animalia,Annelida,Polychaeta,Spionida,Spionidae,Prionospio,cirrifera
Prionospio cf. dubia,131155,Prionospio dubia,Animalia,Annelida,Polychaeta,Spionida,Spionidae,Prionospio,dubia
Prionospio fallax,131157,Prionospio fallax,Animalia,Annelida,Polychaeta,Spionida,Spionidae,Prionospio,fallax
Prionospio multibranchiata,131160,Prionospio multibranchiata,Animalia,Annelida,Polychaeta,Spionida,Spionidae,Prionospio,multibranchiata
Prionospio cf. multibranchiata,131160,Prionospio multibranchiata,Animalia,Annelida,Polychaeta,Spionida,Spionidae,Prionospio,multibranchiata
Processa canaliculata,107682,Processa canaliculata,Animalia,Arthropoda,Malacostraca,Decapoda,Processidae,Processa,canaliculata
Processa modica,107688,Processa modica,Animalia,Arthropoda,Malacostraca,Decapoda,Processidae,Processa,modica
Processa nouveli holthuisi,108344,Processa nouveli holthuisi,Animalia,Arthropoda,Malacostraca,Decapoda,Processidae,Processa,nouveli
Protodorvillea kefersteini,130041,Protodorvillea kefersteini,Animalia,Annelida,Polychaeta,Eunicida,Dorvilleidae,Protodorvillea,kefersteini
Protomedeia fasciata,102443,Protomedeia fasciata,Animalia,Arthropoda,Malacostraca,Amphipoda,Corophiidae,Protomedeia,fasciata
Pseudocuma (Pseudocuma) longicorne,110627,Pseudocuma (Pseudocuma) longicorne,Animalia,Arthropoda,Malacostraca,Cumacea,Pseudocumatidae,Pseudocuma,longicorne
Pseudocuma (Pseudocuma) simile,110628,Pseudocuma (Pseudocuma) simile,Animalia,Arthropoda,Malacostraca,Cumacea,Pseudocumatidae,Pseudocuma,simile
Pseudomystides spinachia,130684,Pseudomystides spinachia,Animalia,Annelida,Polychaeta,Phyllodocida,Phyllodocidae,Pseudomystides,spinachia
Pseudonotomastus southerni,129911,Pseudonotomastus southerni,Animalia,Annelida,Polychaeta,NA,Capitellidae,Pseudonotomastus,southerni
Pseudopolydora,129621,Pseudopolydora,Animalia,Annelida,Polychaeta,Spionida,Spionidae,Pseudopolydora,NA
Pseudopolydora nordica,1521915,Pseudopolydora nordica,Animalia,Annelida,Polychaeta,Spionida,Spionidae,Pseudopolydora,nordica
Pseudopolydora paucibranchiata,131168,Pseudopolydora paucibranchiata,Animalia,Annelida,Polychaeta,Spionida,Spionidae,Pseudopolydora,paucibranchiata
Pseudopolydora pulchra,131169,Pseudopolydora pulchra,Animalia,Annelida,Polychaeta,Spionida,Spionidae,Pseudopolydora,pulchra
Pyrgiscus crenatus,836211,Pyrgiscus crenatus,Animalia,Mollusca,Gastropoda,NA,Pyramidellidae,Pyrgiscus,crenatus
Retusa,138432,Retusa,Animalia,Mollusca,Gastropoda,Cephalaspidea,Retusidae,Retusa,NA
Retusa truncatula,141138,Retusa truncatula,Animalia,Mollusca,Gastropoda,Cephalaspidea,Retusidae,Retusa,truncatula
Retusa umbilicata,156376,Retusa umbilicata,Animalia,Mollusca,Gastropoda,Cephalaspidea,Retusidae,Retusa,umbilicata
Rhodine gracilior,130330,Rhodine gracilior,Animalia,Annelida,Polychaeta,NA,Maldanidae,Rhodine,gracilior
Saccammina,112373,Saccammina,Chromista,Foraminifera,Monothalamea,Astrorhizida,Saccamminidae,Saccammina,NA
Sagittidae,5953,Sagittidae,Animalia,Chaetognatha,Sagittoidea,Aphragmophora,Sagittidae,NA,NA
Samytha sexcirrata,129819,Samytha sexcirrata,Animalia,Annelida,Polychaeta,Terebellida,Ampharetidae,Samytha,sexcirrata
Lysippe sexcirrata,129819,Samytha sexcirrata,Animalia,Annelida,Polychaeta,Terebellida,Ampharetidae,Samytha,sexcirrata
Sarsinebalia urgorrii,388224,Sarsinebalia urgorrii,Animalia,Arthropoda,Malacostraca,Leptostraca,Nebaliidae,Sarsinebalia,urgorrii
Scalibregma inflatum,130980,Scalibregma inflatum,Animalia,Annelida,Polychaeta,NA,Scalibregmatidae,Scalibregma,inflatum
Scolelepis,129623,Scolelepis,Animalia,Annelida,Polychaeta,Spionida,Spionidae,Scolelepis,NA
Scolelepis bonnieri,131171,Scolelepis bonnieri,Animalia,Annelida,Polychaeta,Spionida,Spionidae,Scolelepis,bonnieri
Scolelepis korsuni,131174,Scolelepis korsuni,Animalia,Annelida,Polychaeta,Spionida,Spionidae,Scolelepis,korsuni
Scolelepis (Parascolelepis) tridentata,131178,Scolelepis tridentata,Animalia,Annelida,Polychaeta,Spionida,Spionidae,Scolelepis,tridentata
Scoletoma magnidentata,152260,Scoletoma magnidentata,Animalia,Annelida,Polychaeta,Eunicida,Lumbrineridae,Scoletoma,magnidentata
Scoloplos,129425,Scoloplos,Animalia,Annelida,Polychaeta,NA,Orbiniidae,Scoloplos,NA
Scoloplos armiger,130537,Scoloplos armiger,Animalia,Annelida,Polychaeta,NA,Orbiniidae,Scoloplos,armiger
Scoloplos (Scoloplos) armiger,130537,Scoloplos armiger,Animalia,Annelida,Polychaeta,NA,Orbiniidae,Scoloplos,armiger
Scopelocheirus hopei,102720,Scopelocheirus hopei,Animalia,Arthropoda,Malacostraca,Amphipoda,Scopelocheiridae,Scopelocheirus,hopei
Serpulidae,988,Serpulidae,Animalia,Annelida,Polychaeta,Sabellida,Serpulidae,NA,NA
Sertularia cupressina,117913,Sertularia cupressina,Animalia,Cnidaria,Hydrozoa,Leptothecata,Sertulariidae,Sertularia,cupressina
Sessilia,106033,Sessilia,Animalia,Arthropoda,Thecostraca,Sessilia,NA,NA,NA
Siboglinum holmei,129118,Siboglinum holmei,Animalia,Annelida,Polychaeta,Sabellida,Siboglinidae,Siboglinum,holmei
Sigalion,129594,Sigalion,Animalia,Annelida,Polychaeta,Phyllodocida,Sigalionidae,Sigalion,NA
Sigalion mathildae,131072,Sigalion mathildae,Animalia,Annelida,Polychaeta,Phyllodocida,Sigalionidae,Sigalion,mathildae
Sige fusigera,130690,Sige fusigera,Animalia,Annelida,Polychaeta,Phyllodocida,Phyllodocidae,Sige,fusigera
Sipuncula,1268,Sipuncula,Animalia,Annelida,NA,Sipuncula,NA,NA,NA
Siriella norvegica,120215,Siriella norvegica,Animalia,Arthropoda,Malacostraca,Mysida,Mysidae,Siriella,norvegica
Solenocera membranacea,107120,Solenocera membranacea,Animalia,Arthropoda,Malacostraca,Decapoda,Solenoceridae,Solenocera,membranacea
Sorgenfreispira brachystoma,847930,Sorgenfreispira brachystoma,Animalia,Mollusca,Gastropoda,Neogastropoda,Mangeliidae,Sorgenfreispira,brachystoma
Sosane wahrbergi,334811,Sosane wahrbergi,Animalia,Annelida,Polychaeta,Terebellida,Ampharetidae,Sosane,wahrbergi
Spadella cephaloptera,105468,Spadella cephaloptera,Animalia,Chaetognatha,Sagittoidea,Phragmophora,Spadellidae,Spadella,cephaloptera
Spatangoida,123106,Spatangoida,Animalia,Echinodermata,Echinoidea,Spatangoida,NA,NA,NA
Spatangus purpureus,124418,Spatangus purpureus,Animalia,Echinodermata,Echinoidea,Spatangoida,Spatangidae,Spatangus,purpureus
Sphaerodoridium balticum,340639,Sphaerodoridium balticum,Animalia,Annelida,Polychaeta,Phyllodocida,Sphaerodoridae,Sphaerodoridium,balticum
Sphaerodorum gracilis,131100,Sphaerodorum gracilis,Animalia,Annelida,Polychaeta,Phyllodocida,Sphaerodoridae,Sphaerodorum,gracilis
Spio decorata,152314,Spio decorata,Animalia,Annelida,Polychaeta,Spionida,Spionidae,Spio,decorata
Spio symphyta,596189,Spio symphyta,Animalia,Annelida,Polychaeta,Spionida,Spionidae,Spio,symphyta
Spiochaetopterus,129233,Spiochaetopterus,Animalia,Annelida,Polychaeta,NA,Chaetopteridae,Spiochaetopterus,NA
Spiochaetopterus typicus,129924,Spiochaetopterus typicus,Animalia,Annelida,Polychaeta,NA,Chaetopteridae,Spiochaetopterus,typicus
Spionidae,913,Spionidae,Animalia,Annelida,Polychaeta,Spionida,Spionidae,NA,NA
Spiophanes,129626,Spiophanes,Animalia,Annelida,Polychaeta,Spionida,Spionidae,Spiophanes,NA
Spiophanes bombyx,131187,Spiophanes bombyx,Animalia,Annelida,Polychaeta,Spionida,Spionidae,Spiophanes,bombyx
Spiophanes kroyeri,131188,Spiophanes kroyeri,Animalia,Annelida,Polychaeta,Spionida,Spionidae,Spiophanes,kroyeri
Spiophanes wigleyi,131190,Spiophanes wigleyi,Animalia,Annelida,Polychaeta,Spionida,Spionidae,Spiophanes,wigleyi
Spirobranchus lamarcki,560033,Spirobranchus lamarcki,Animalia,Annelida,Polychaeta,Sabellida,Serpulidae,Spirobranchus,lamarcki
Spisula,138159,Spisula,Animalia,Mollusca,Bivalvia,Venerida,Mactridae,Spisula,NA
Spisula subtruncata,140302,Spisula subtruncata,Animalia,Mollusca,Bivalvia,Venerida,Mactridae,Spisula,subtruncata
Sthenelais,129595,Sthenelais,Animalia,Annelida,Polychaeta,Phyllodocida,Sigalionidae,Sthenelais,NA
Sthenelais boa,131074,Sthenelais boa,Animalia,Annelida,Polychaeta,Phyllodocida,Sigalionidae,Sthenelais,boa
Sthenelais limicola,131077,Sthenelais limicola,Animalia,Annelida,Polychaeta,Phyllodocida,Sigalionidae,Sthenelais,limicola
Streblosoma,129712,Streblosoma,Animalia,Annelida,Polychaeta,Terebellida,Terebellidae,Streblosoma,NA
Streblosoma intestinale,131540,Streblosoma intestinale,Animalia,Annelida,Polychaeta,Terebellida,Terebellidae,Streblosoma,intestinale
Styelidae,103450,Styelidae,Animalia,Chordata,Ascidiacea,Stolidobranchia,Styelidae,NA,NA
Syllis parapari,196002,Syllis parapari,Animalia,Annelida,Polychaeta,Phyllodocida,Syllidae,Syllis,parapari
Cerianthus lloydii,1674631,Synarachnactis lloydii,Animalia,Cnidaria,Hexacorallia,Ceriantharia,Synarachnactidae,Synarachnactis,lloydii
Synarachnactis lloydii,1674631,Synarachnactis lloydii,Animalia,Cnidaria,Hexacorallia,Ceriantharia,Synarachnactidae,Synarachnactis,lloydii
Synchelidium maculatum,102928,Synchelidium maculatum,Animalia,Arthropoda,Malacostraca,Amphipoda,Oedicerotidae,Synchelidium,maculatum
Tanaopsis graciloides,136458,Tanaopsis graciloides,Animalia,Arthropoda,Malacostraca,Tanaidacea,Tanaopsidae,Tanaopsis,graciloides
Tellimya ferruginosa,146952,Tellimya ferruginosa,Animalia,Mollusca,Bivalvia,Galeommatida,Lasaeidae,Tellimya,ferruginosa
Tellimya tenella,152397,Tellimya tenella,Animalia,Mollusca,Bivalvia,Galeommatida,Lasaeidae,Tellimya,tenella
Terebellidae,982,Terebellidae,Animalia,Annelida,Polychaeta,Terebellida,Terebellidae,NA,NA
Terebellides,129717,Terebellides,Animalia,Annelida,Polychaeta,Terebellida,Trichobranchidae,Terebellides,NA
Tharyx,129249,Tharyx,Animalia,Annelida,Polychaeta,Terebellida,Cirratulidae,Tharyx,NA
Tharyx killariensis,152269,Tharyx killariensis,Animalia,Annelida,Polychaeta,Terebellida,Cirratulidae,Tharyx,killariensis
Thelepus setosus,131544,Thelepus setosus,Animalia,Annelida,Polychaeta,Terebellida,Terebellidae,Thelepus,setosus
Themisto,101800,Themisto,Animalia,Arthropoda,Malacostraca,Amphipoda,Hyperiidae,Themisto,NA
Thracia,138549,Thracia,Animalia,Mollusca,Bivalvia,NA,Thraciidae,Thracia,NA
Thracia convexa,141644,Thracia convexa,Animalia,Mollusca,Bivalvia,NA,Thraciidae,Thracia,convexa
Thracia phaseolina,152378,Thracia phaseolina,Animalia,Mollusca,Bivalvia,NA,Thraciidae,Thracia,phaseolina
Thracioidea,382318,Thracioidea,Animalia,Mollusca,Bivalvia,NA,NA,NA,NA
Thyasira,138552,Thyasira,Animalia,Mollusca,Bivalvia,Lucinida,Thyasiridae,Thyasira,NA
Thyasira biplicata,141655,Thyasira biplicata,Animalia,Mollusca,Bivalvia,Lucinida,Thyasiridae,Thyasira,biplicata
Thyasira flexuosa,141662,Thyasira flexuosa,Animalia,Mollusca,Bivalvia,Lucinida,Thyasiridae,Thyasira,flexuosa
Thyasira polygona,875219,Thyasira polygona,Animalia,Mollusca,Bivalvia,Lucinida,Thyasiridae,Thyasira,polygona
Thyasiridae,219,Thyasiridae,Animalia,Mollusca,Bivalvia,Lucinida,Thyasiridae,NA,NA
Thysanocardia procera,136063,Thysanocardia procera,Animalia,Annelida,NA,Sipuncula,Golfingiidae,Thysanocardia,procera
Timoclea ovata,141929,Timoclea ovata,Animalia,Mollusca,Bivalvia,Venerida,Veneridae,Timoclea,ovata
Tmetonyx cicada,102736,Tmetonyx cicada,Animalia,Arthropoda,Malacostraca,Amphipoda,Uristidae,Tmetonyx,cicada
Trichobranchus roseus,131575,Trichobranchus roseus,Animalia,Annelida,Polychaeta,Terebellida,Trichobranchidae,Trichobranchus,roseus
Triticella flava,111653,Triticella flava,Animalia,Bryozoa,Gymnolaemata,Ctenostomatida,Triticellidae,Triticella,flava
Tryphosites longipes,102779,Tryphosites longipes,Animalia,Arthropoda,Malacostraca,Amphipoda,Tryphosidae,Tryphosites,longipes
Tubificoides pseudogaster,137582,Tubificoides pseudogaster,Animalia,Annelida,Clitellata,Tubificida,Naididae,Tubificoides,pseudogaster
Tubulanus polymorphus,122637,Tubulanus polymorphus,Animalia,Nemertea,Palaeonemertea,Tubulaniformes,Tubulanidae,Tubulanus,polymorphus
Tubularia indivisa,117994,Tubularia indivisa,Animalia,Cnidaria,Hydrozoa,Anthoathecata,Tubulariidae,Tubularia,indivisa
Tubulariidae,1603,Tubulariidae,Animalia,Cnidaria,Hydrozoa,Anthoathecata,Tubulariidae,NA,NA
Turbonilla acuta,141052,Turbonilla acuta,Animalia,Mollusca,Gastropoda,NA,Pyramidellidae,Turbonilla,acuta
Turritellinella tricarinata,1381415,Turritellinella tricarinata,Animalia,Mollusca,Gastropoda,Caenogastropoda incertae sedis,Turritellidae,Turritellinella,tricarinata
Typhlotanais aequiremis,478746,Typhlotanais aequiremis,Animalia,Arthropoda,Malacostraca,Tanaidacea,Typhlotanaidae,Typhlotanais,aequiremis
Upogebia deltaura,107739,Upogebia deltaura,Animalia,Arthropoda,Malacostraca,Decapoda,Upogebiidae,Upogebia,deltaura
Urothoe,101789,Urothoe,Animalia,Arthropoda,Malacostraca,Amphipoda,Urothoidae,Urothoe,NA
Urothoe elegans,103228,Urothoe elegans,Animalia,Arthropoda,Malacostraca,Amphipoda,Urothoidae,Urothoe,elegans
Urothoe poseidonis,103235,Urothoe poseidonis,Animalia,Arthropoda,Malacostraca,Amphipoda,Urothoidae,Urothoe,poseidonis
Varicorbula gibba,378492,Varicorbula gibba,Animalia,Mollusca,Bivalvia,Myida,Corbulidae,Varicorbula,gibba
Venus casina,141934,Venus casina,Animalia,Mollusca,Bivalvia,Venerida,Veneridae,Venus,casina
Verruca stroemia,106257,Verruca stroemia,Animalia,Arthropoda,Thecostraca,Verrucomorpha,Verrucidae,Verruca,stroemia
Virgularia mirabilis,128539,Virgularia mirabilis,Animalia,Cnidaria,Octocorallia,Scleralcyonacea,Virgulariidae,Virgularia,mirabilis
Volvulella acuminata,141139,Volvulella acuminata,Animalia,Mollusca,Gastropoda,Cephalaspidea,Rhizoridae,Volvulella,acuminata
Westwoodilla caecula,102932,Westwoodilla caecula,Animalia,Arthropoda,Malacostraca,Amphipoda,Oedicerotidae,Westwoodilla,caecula
